"","Sector","Total Economic mill dollar","Total value Added mill dollar","Employee Com mill dollar","Net Tax mill dollar","Profits mill dollar","Direct Economic mill dollar","Direct Economic","CO t","NH3 t","NOx t","PM10 t","PM2.5 t","SO2 t","VOC t","Total Energy TJ","Coal TJ","NatGase TJ","Petrol TJ","Bio/Waste TJ","NonFossElec TJ","Total t CO2e","CO2 Fossil t CO2e","CO2 Process t CO2e","CH4 t CO2e","N2O t CO2e","HFC/PFCs t CO2e","Fugitive kg","Stack kg","Total Air kg","Surface water kg","U'ground Water kg","Land kg","Offiste kg","POTW Metal kg","POTW Nonmetal kg","Water Withdrawals Kgal"
"1",0,0.008643,0.003931,0.003352,-0.000529,0.001109,0.00144,44.06,0.025227,5.2e-05,0.016156,0.004476,0.000846,0.000777,0.002311,0.053763,9.1e-05,0.018687,0.034985,0,0,3.34228,3.34228,0,0,0,0,0,0,0,0,0,0.000185,3.5e-05,0,0,22.280316
"2",4,0.002689,0.00183,0.001018,0.000388,0.000425,0.000273,10.2,0.00146,2e-06,0.000568,0.000156,3.1e-05,2.9e-05,0.002673,0.002547,1.7e-05,0.000387,0.000572,0,0.001572,0.060079,0.060079,0,0,0,0,0.000584,0.000983,0.001566,7e-06,0,4.2e-05,0.000119,1e-06,3e-06,0.402128
"3",48,0.006654,0.003633,0.002244,7.4e-05,0.001315,0.001548,23.3,0.019526,1.9e-05,0.062806,0.0022,0.002076,0.004189,0.002321,0.014982,4.4e-05,0.006447,0.007488,0,0.001003,0.80463,0.80463,0,0,0,0,1e-04,2.2e-05,0.000122,0,0,1.2e-05,2.8e-05,0,0,3.16995
"4",52,0.030743,0.021298,0.008596,0.000483,0.012219,0.001381,4.49,2.6e-05,1e-06,5.5e-05,9e-06,4e-06,0.000123,2e-06,0.003171,2.4e-05,0.000918,0.001857,0,0.000372,0.17386,0.17386,0,0,0,0,0,0,0,0,0,0,0,0,0,0.837968
"5",112,0.012999,0.00659,0.001193,0.000351,0.005046,0,0,0.035738,0.351702,0.029506,0.005548,0.003891,0.006212,0.010948,0.0798,0,0.00525,0.056183,0,0.018368,31.421963,4.134163,0,19.440394,7.847366,0,0,0,0,0,0,0,0,0,0,206.130343
"6",113,0.000822,0.000319,3.6e-05,6.3e-05,0.000221,0,0,0.016287,1e-05,0.015268,0.001781,0.001723,0.001571,0.002329,0.000807,0,4.3e-05,0.000718,0,4.6e-05,0.056594,0.050921,0,0,0.005673,0,0,0,0,0,0,0,0,0,0,0.154068
"7",522,0.012348,0.0077,0.00338,0.000313,0.004007,0.001764,14.3,1.8e-05,1e-06,3.7e-05,3e-06,2e-06,5.5e-05,2e-06,0.0031,0,0.000796,0.001125,0,0.001179,0.115176,0.115176,0,0,0,0,0,0,0,0,0,0,0,0,0,1.179911
"8",532,0.000846,0.000517,0.000331,4.1e-05,0.000145,0.000191,22.6,0.000124,0,1.6e-05,1e-06,1e-06,1.9e-05,1e-05,0.000572,0,0.000239,0.000176,0,0.000157,0.023786,0.023786,0,0,0,0,0,0,0,0,0,0,0,0,0,0.146271
"9",611,0.001053,0.000576,0.00051,2.5e-05,4.1e-05,0,0,0.00024,1e-06,0.000262,3e-05,1.8e-05,0.000484,2.1e-05,0.006014,2e-06,0.004343,7.7e-05,0,0.001592,0.224185,0.224185,0,0,0,0,1e-06,0,1e-06,0,0,0.000217,6e-06,0,0,5.231197
"10",621,9e-06,5e-06,4e-06,0,1e-06,0,0,0,0,0,0,0,0,0,3e-06,0,1e-06,1e-06,0,1e-06,9.4e-05,9.4e-05,0,0,0,0,0,0,0,0,0,0,0,0,0,0.001004
"11",624,2e-06,1e-06,1e-06,0,0,0,0,0,0,0,0,0,0,0,1e-06,0,1e-06,0,0,0,4.7e-05,4.7e-05,0,0,0,0,0,0,0,0,0,0,0,0,0,0.00076
"12",711,0.000567,0.000246,0.000129,3.3e-05,8.5e-05,4e-05,7.05,2e-06,0,3e-06,0,0,2e-06,2e-06,0.000276,0,6.3e-05,4.7e-05,0,0.000166,0.006219,0.006219,0,0,0,0,9.4e-05,0.000218,0.000312,0,0,0,0.000957,0,2e-06,0.073127
"13",713,0.000292,0.000164,9e-05,2e-05,5.4e-05,1e-05,3.51,0.004757,0,4.1e-05,2e-06,1e-06,3e-06,0.000147,0.000676,6e-06,0.000174,0.000153,0,0.000343,0.019916,0.019916,0,0,0,0,0,0,0,0,0,0,0,0,0,0.177113
"14",721,2.4e-05,1.5e-05,1.2e-05,0,2e-06,1e-06,4.17,1e-06,0,1e-06,0,0,0,0,4.9e-05,1e-06,2.4e-05,1.2e-05,0,1.3e-05,0.002087,0.002087,0,0,0,0,0,0,0,0,0,0,0,0,0,0.025883
"15",813,0.002233,0.000801,0.000734,3.9e-05,2.8e-05,5.2e-05,2.33,3.1e-05,1e-06,4.5e-05,6e-06,2e-06,2.8e-05,3e-06,0.003441,3.3e-05,0.001192,0.000877,0,0.00134,0.122861,0.122861,0,0,0,0,0,0,0,0,0,0,0,0,0,1.873303
"16",1111,0.181325,0.048654,0.009647,-0.0351,0.074106,0.105167,79.2,5.888105,2.687352,0.707607,5.695606,1.382822,0.202269,0.723802,1.434904,0,0.142242,1.0889,0,0.203763,512.17395,82.255242,0,34.31078,395.608164,0,0,0,0,0,0,0,0,0,0,158030.549414
"17",1113,0.000252,0.000129,5e-05,6e-06,7.3e-05,0,0,0.001416,0.001111,0.00037,0.007039,0.001207,9.1e-05,0.000385,0.001256,0,7.3e-05,0.000732,0,0.000452,0.139016,0.053974,0,0,0.085042,0,0,0,0,0,0,0,0,0,0,113.276675
"18",1119,0.014363,0.004599,0.001435,0.000583,0.002582,6e-06,0.0509,0.181883,0.119247,0.054656,0.411308,0.078252,0.005871,0.033084,0.067591,0,0.004469,0.050998,0,0.012125,17.84973,3.737298,0,0,14.112383,0,0,0,0,0,0,0,0,0,0,2402.764184
"19",1121,0.045516,0.007775,0.00199,0.000948,0.004836,0,0,0.213404,0.644056,0.032983,0.202257,0.036827,0.017906,0.035584,0.221085,0,0.012379,0.172866,0,0.03584,190.802162,12.49355,0,108.460987,69.847488,0,0,0,0,0,0,0,0,0,0,1761.004937
"20",2122,0.000331,0.000182,0.000111,2e-05,5e-05,0,0,0.001357,4.4e-05,0.001045,0.000285,0.000143,0.000378,0.000154,0.004865,0,0.002256,0.001515,0,0.001094,0.218462,0.218462,0,0,0,0,0.036018,0.056925,0.092943,0.016576,0.009414,22.250477,0.041121,0.000103,0.00032,16.403409
"21",3122,0,0,0,0,0,0,0,0,0,0,0,0,0,0,0,0,0,0,0,0,1.2e-05,1.2e-05,0,0,0,0,0,1e-05,1e-05,1e-06,0,0,1e-06,0,2e-06,6e-06
"22",3259,0.003168,0.00089,0.000574,1.3e-05,0.000303,0.00071,22.4,0.005463,4.6e-05,0.001575,0.000949,0.000388,0.004136,0.000958,0.007796,0.00144,0.003022,0.000891,0.00085,0.001592,0.341855,0.341855,0,0,0,0,0.072187,0.221348,0.293535,0.168105,2.2e-05,0.048691,0.181681,0.002383,0.128062,0.87375
"23",3274,0.000243,1e-04,4.4e-05,1e-06,5.4e-05,4.4e-05,18.1,0.001483,2e-06,0.001579,0.000509,0.000222,0.001067,6.7e-05,0.006829,0.00117,0.004212,0.000848,2.8e-05,0.000571,1.038503,0.38585,0.652653,0,0,0,0.000828,0.062176,0.063004,0,0.000119,0.006442,0.002301,4e-06,0.000246,0.050199
"24",5111,0.001473,0.000716,0.000298,1.6e-05,0.000402,0.00031,21,2.2e-05,0,7e-06,1e-06,0,0,3.2e-05,0.000264,0,4e-05,5.9e-05,0,0.000164,0.005757,0.005757,0,0,0,0,1.8e-05,6.9e-05,8.6e-05,0,0,0,9.3e-05,7e-06,0.00082,0.067079
"25",5416,0.001223,0.000837,0.000473,8e-06,0.000356,0.000371,30.3,3e-06,0,8e-06,2e-06,1e-06,2.1e-05,2e-06,0.000317,0,8.8e-05,0.000113,0,0.000116,0.01209,0.01209,0,0,0,0,0,0,0,2.3e-05,0,0,2.4e-05,0,0,0.066843
"26",5419,0.005326,0.003903,0.000829,7e-05,0.003004,0.000876,16.4,1.4e-05,0,2e-05,3e-06,1e-06,1.4e-05,2e-06,0.001643,1.8e-05,0.000549,0.000408,0,0.000668,0.055396,0.055396,0,0,0,0,3.3e-05,7.6e-05,0.000108,0,0,0,0.000333,0,1e-06,0.402022
"27",7211,0.003266,0.00194,0.000998,0.000387,0.000555,0.00044,13.5,6.6e-05,1e-06,9.9e-05,1.2e-05,5e-06,5.5e-05,6e-06,0.009577,6.4e-05,0.002638,0.00171,0,0.005165,0.255423,0.255423,0,0,0,0,0,0,0,0,0,0,0,0,0,3.510881
"28",8111,0.005067,0.002807,0.001729,0.000239,0.000839,0.001331,26.3,0.001183,1e-06,0.000303,8e-06,6e-06,2.1e-05,0.005264,0.002675,1.5e-05,0.000917,0.000592,0,0.001151,0.08794,0.08794,0,0,0,0,0,0.000328,0.000328,0,0,0,0,0,0,1.158152
"29",21311,0.00019,5.6e-05,4.8e-05,3e-06,4e-06,0,0,0.001128,3e-06,0.001046,0.004578,0.000988,0.00032,0.000155,0.000807,0,5e-05,0.000711,0,4.6e-05,0.0529,0.0529,0,0,0,0,0,0,0,0,0,0.000259,0,0,0,1.666817
"30",31122,0.072134,0.00369,0.002297,0.000113,0.001279,0.060621,84,0.022475,0.002429,0.029625,0.023704,0.014367,0.036258,0.061427,0.25696,0.009554,0.18137,0.011455,0.005732,0.048849,10.785331,10.785331,0,0,0,0,11.149464,20.136423,31.285886,2.311274,0,0.034041,0.136024,0.001438,0.135509,9.939632
"31",31131,0.000989,0.000136,0.000108,6e-06,2.2e-05,0.000675,68.3,0.010565,5.5e-05,0.003321,0.005753,0.003936,0.006718,0.000657,0.015707,0.004807,0.002731,0.000525,0.007264,0.00038,0.601093,0.601093,0,0,0,0,2.7e-05,0.129534,0.129561,0.032175,0,0.085621,0,0,0,0.060816
"32",31151,0.000401,7.3e-05,4.5e-05,1e-06,2.7e-05,0.000231,57.6,5.5e-05,1.3e-05,3.4e-05,5.8e-05,5e-05,3.3e-05,9e-06,0.000608,2e-05,0.000365,2.6e-05,3.1e-05,0.000165,0.02201,0.02201,0,0,0,0,0.001163,3.6e-05,0.001199,0.000934,0,0.001906,2.2e-05,4e-06,0.029127,0.114177
"33",31161,0.085446,0.010317,0.010025,0.000127,0.000165,0.069412,81.2,0.011312,0.003433,0.00981,0.013375,0.011164,0.010809,0.002678,0.128877,0.00436,0.081801,0.005954,0.006567,0.030195,4.92527,4.92527,0,0,0,0,1.60031,0.249839,1.850145,16.404607,0.02221,0.724907,0.790918,0.000529,1.817761,13.752021
"34",32121,0.000308,0.000104,7.8e-05,7e-06,1.9e-05,1.6e-05,8.21,0.000693,1e-06,0.000161,0.000257,0.000132,2.8e-05,0.000441,0.002144,1.1e-05,0.000285,2.1e-05,0.001534,0.000293,0.016938,0.016938,0,0,0,0,0.005879,0.010069,0.015948,2e-06,0,0.001415,0.000577,0,3.3e-05,0.032281
"35",32222,0.037562,0.010533,0.008216,0.000134,0.002183,0.034238,167.3,0.022462,0.000317,0.008058,0.002266,0.001527,0.003274,0.0787,0.055362,0.001268,0.029898,0.000757,0.004883,0.018556,1.663592,1.663592,0,0,0,0,0.394833,2.220832,2.615666,0.004894,0,0.073203,0.329477,0.002645,0.026152,7.226883
"36",32619,0.004364,0.001675,0.001151,1.9e-05,0.000505,0.000965,22.1,0.002404,9e-06,0.000437,0.000215,8.4e-05,0.000744,0.000539,0.00721,0.000375,0.002157,0.000573,0.000136,0.003969,0.181888,0.181888,0,0,0,0,0.042396,0.266181,0.308577,2.9e-05,0,0.00065,0.004628,0.000314,0.002594,0.716963
"37",32711,7.4e-05,3.6e-05,2.9e-05,0,7e-06,1.3e-05,17.6,5.6e-05,1e-06,6.9e-05,4.4e-05,1.6e-05,0.000116,1.6e-05,0.000556,8.8e-05,0.000316,6.8e-05,9e-06,7.6e-05,0.029327,0.029327,0,0,0,0,0.000384,0.006812,0.007197,1.2e-05,0,0.00098,0.005421,1.4e-05,0,0.021839
"38",32712,0.000165,6.8e-05,4.7e-05,1e-06,2.1e-05,0,0,0.000279,6e-06,0.000475,0.000236,8.8e-05,0.000899,4e-05,0.002061,0.000349,0.001235,0.000259,1.9e-05,0.000199,0.114505,0.114505,0,0,0,0,0.00025,0.030727,0.030977,4.1e-05,0,0.001528,0.008644,1.4e-05,7e-06,0.042842
"39",33131,0.017477,0.004657,0.002884,7.2e-05,0.001702,0.000508,4.9,0.273488,0.000681,0.016131,0.010303,0.006866,0.086283,0.013837,0.220061,0,0.089281,0.002753,0.015852,0.112175,12.405935,4.711709,3.53306,0,0,4.161163,1.403301,4.791898,6.195203,0.814606,1.530478,2.282669,3.590028,0.033388,2.526068,2.592832
"40",33211,0.001068,0.000382,0.000342,5e-06,3.4e-05,0.000136,17.1,0.000143,4e-06,0.00014,3.2e-05,1.4e-05,4.6e-05,0.000173,0.002184,2.1e-05,0.001456,2.3e-05,9e-06,0.000674,0.076607,0.076607,0,0,0,0,0.024149,0.039945,0.064094,0.004139,0,6.8e-05,0.056011,0.004357,0.040769,0.140929
"41",33221,0.000865,0.000415,0.000266,3e-06,0.000145,5e-06,6.185,2.9e-05,1e-06,5.1e-05,1.8e-05,9e-06,2.7e-05,5.3e-05,0.001096,1.6e-05,0.000578,9e-06,8e-06,0.000486,0.031113,0.031113,0,0,0,0,0.002067,0.010673,0.012741,3.4e-05,0,7.2e-05,0.013057,0.004761,0.004856,0.087913
"42",33291,0.001093,0.000519,0.000321,6e-06,0.000193,4e-06,0.366,4.7e-05,1e-06,3.5e-05,1.5e-05,6e-06,2.3e-05,3.4e-05,0.000969,1.7e-05,0.000416,6e-06,1e-05,0.000521,0.022824,0.022824,0,0,0,0,0.001689,0.002993,0.004682,0.000778,0,4.9e-05,0.007509,0.000121,0.000554,0.119678
"43",33299,0.001754,0.000781,0.000513,9e-06,0.00026,0.000312,18,0.000369,4.9e-05,0.000391,0.000118,7.9e-05,0.000315,0.000515,0.003301,2.8e-05,0.002113,0.000176,1.5e-05,0.000968,0.120735,0.120735,0,0,0,0,0.042807,0.124772,0.167579,0.000513,0,0.000955,0.058157,0.000628,0.05429,0.154354
"44",33329,0.000599,0.000222,0.000199,3e-06,2e-05,2e-06,0.334,0.005688,1e-06,0.000259,2.1e-05,1.8e-05,2.3e-05,0.000327,0.000407,4e-06,0.000213,6e-06,8e-06,0.000175,0.011461,0.011461,0,0,0,0,0.001604,0.001483,0.003087,0,0,2.9e-05,0.002338,4e-06,0.004789,0.049997
"45",33331,8.4e-05,2.2e-05,1.9e-05,1e-06,2e-06,0,0,5e-06,0,2e-06,0,0,1e-06,1e-06,3.9e-05,0,1.6e-05,6e-06,1e-06,1.5e-05,0.001198,0.001198,0,0,0,0,0.000208,0.000267,0.000475,0,0,1e-06,1.2e-05,0,0,0.005453
"46",33341,0.000298,0.000116,8.8e-05,1e-06,2.8e-05,0.000146,49,5.4e-05,0,2.1e-05,3e-06,1e-06,6e-06,1e-05,0.00026,4e-06,0.000141,5e-06,4e-06,0.000105,0.00782,0.00782,0,0,0,0,0.000778,0.002798,0.003576,0,0,0,4e-06,0,0,0.023041
"47",33351,7.3e-05,2.9e-05,2.7e-05,0,3e-06,4e-06,12.69,1e-06,0,2e-06,1e-06,0,1e-06,3e-06,5.6e-05,1e-06,2.7e-05,1e-06,1e-06,2.7e-05,0.001494,0.001494,0,0,0,0,0.000192,0.000122,0.000313,0,0,3e-06,0.001999,1.4e-05,0,0.005237
"48",33399,0.000445,0.00018,0.000144,2e-06,3.4e-05,1e-06,0.369,0.000231,2e-06,2.2e-05,3e-06,1e-06,4e-06,3.3e-05,0.00037,2e-06,0.000167,3e-06,6e-06,0.000192,0.008762,0.008762,0,0,0,0,0.000407,0.002954,0.003361,8e-06,0,6.6e-05,0.003662,4.5e-05,0.001687,0.042946
"49",33411,0.000629,0.000151,0.000126,2e-06,2.2e-05,5.6e-05,8.9,9e-06,1e-06,1.8e-05,2e-06,1e-06,2.9e-05,5e-06,0.000384,0,0.000157,6.7e-05,2e-06,0.000157,0.012755,0.012755,0,0,0,0,5.8e-05,0.000207,0.000266,0,0,6e-06,6.9e-05,5e-06,0.001499,0.027053
"50",33441,0.00013,5.1e-05,4.5e-05,1e-06,5e-06,3e-06,2.31,3e-06,0,6e-06,2e-06,2e-06,0,1.2e-05,0.000151,0,4.9e-05,0,0,0.000101,0.002508,0.002508,0,0,0,0,0.002455,0.005727,0.008182,7.2e-05,0,3.4e-05,0.014305,9.1e-05,0.044256,0.031811
"51",33451,4.6e-05,1.5e-05,1.5e-05,0,1e-06,3e-06,6.52,0,0,0,0,0,0,1e-06,1.8e-05,0,6e-06,0,0,1.2e-05,0.000319,0.000319,0,0,0,0,2.6e-05,0.000149,0.000176,0,0,0,2e-06,0,1e-04,0.004261
"52",33461,0.00018,5.6e-05,4.3e-05,1e-06,1.2e-05,0,0,1.9e-05,0,7e-06,0,0,0,2e-06,0.000162,0,5e-05,1e-06,1e-06,0.00011,0.002579,0.002579,0,0,0,0,0.000181,1e-06,0.000182,0,0,0,5e-06,2e-06,4.9e-05,0.010594
"53",33641,2e-05,1.1e-05,1e-05,0,1e-06,1e-06,5,1e-06,0,3e-06,1e-06,0,2e-06,2e-06,3.2e-05,1e-06,1.3e-05,1e-06,1e-06,1.7e-05,0.000756,0.000756,0,0,0,0,0.001682,6.9e-05,0.001751,0,0,8.1e-05,0.00017,0,0,0.001471
"54",33712,0.000539,0.000192,0.000133,2e-06,5.7e-05,0.000452,83.9,0.000197,1e-06,7.7e-05,0.000173,0.000113,2.8e-05,0.000981,0.000639,2.1e-05,0.000303,2e-05,8.9e-05,0.000206,0.019732,0.019732,0,0,0,0,0.002646,0.021875,0.02452,2e-06,0,1.2e-05,0.000203,0,4e-06,0.118725
"55",33721,7e-06,4e-06,2e-06,0,2e-06,0,0,7e-06,0,5e-06,5e-06,3e-06,6e-06,7.9e-05,4.9e-05,0,1e-06,0,1e-06,4.7e-05,7.1e-05,7.1e-05,0,0,0,0,0.00101,0.007959,0.008969,0,0,0,0.000126,5e-06,5.1e-05,0.001334
"56",33999,0.000291,0.000135,8.1e-05,1e-06,5.3e-05,1e-06,0.344,1.9e-05,7e-06,1.2e-05,1.3e-05,7e-06,3e-06,7.6e-05,0.00023,0,0.000122,5e-06,8e-06,9.6e-05,0.006643,0.006643,0,0,0,0,0.002636,0.019171,0.021807,1.5e-05,0,5e-06,0.001284,1.6e-05,0.005314,0.030475
"57",54151,0.002875,0.002039,0.00125,2.2e-05,0.000766,0.000304,10.6,1e-06,0,3e-06,0,0,8e-06,0,0.00048,0,5.4e-05,0.000262,0,0.000164,0.019573,0.019573,0,0,0,0,0,0,0,0,0,0,0,0,0,0.024106
"58",111200,0.000204,1e-04,2.9e-05,2e-06,6.9e-05,0,0,0.001108,0.001104,0.000262,0.00571,0.000976,7e-05,0.000309,0.000832,0,5.6e-05,0.000537,0,0.00024,0.099077,0.039761,0,0,0.059316,0,0,0,0,0,0,0,0,0,0,48.25514
"59",111335,5.2e-05,2.9e-05,1e-05,1e-06,1.7e-05,0,0,0.00028,0.000213,6.4e-05,0.001464,0.00025,1.8e-05,8e-05,0.000259,0,1.5e-05,0.000153,0,9.1e-05,0.026847,0.011242,0,0,0.015605,0,0,0,0,0,0,0,0,0,0,24.275614
"60",111400,0.000389,0.000243,0.000102,3e-06,0.000137,0,0,0.002237,0.001074,0.000613,0.010885,0.001869,0.000113,0.000363,0.002159,0,0.00084,0.000952,0,0.000366,0.159087,0.107835,0,0,0.051252,0,0,0,0,0,0,0,0,0,0,20.277069
"61",111910,4.8e-05,9e-06,8e-06,2e-06,0,0,0,0.000471,0.000342,0.000262,0.001352,0.000249,5.1e-05,0.000108,0.000706,0,3.5e-05,0.000533,0,0.000138,0.108513,0.038502,0,0,0.070011,0,0,0,0,0,0,0,0,0,0,0.913239
"62",111920,0.00179,0.000356,0.000184,-0.000465,0.000637,0,0,0.0135,0.020437,0.006495,0.05046,0.008973,0.002109,0.002133,0.022236,0,0.002307,0.015129,0,0.0048,4.631796,1.160195,0,0,3.471601,0,0,0,0,0,0,0,0,0,0,2214.052603
"63",112120,0.000752,0.000287,7.2e-05,9e-06,0.000206,0,0,0.00207,0.013286,0.00161,0.000422,0.000233,0.000363,0.000658,0.003937,0,0.000108,0.002381,0,0.001449,2.130599,0.169461,0,1.663218,0.297916,0,0,0,0,0,0,0,0,0,0,3.718023
"64",112300,0.000879,0.000162,3.7e-05,4e-06,0.000121,0,0,0.000754,0.021176,0.00039,0.000183,8.1e-05,0.000102,0.00045,0.003892,0,0.000674,0.002391,0,0.000828,0.39008,0.199276,0,0.112167,0.078638,0,0,0,0,0,0,0,0,0,0,1.138242
"65",113300,0.003094,0.001062,0.000489,7.2e-05,0.000501,0,0,0.010553,7e-06,0.002989,0.000312,0.000279,0.000555,0.001691,0.002721,4.2e-05,0,0.002646,0,3.4e-05,0.189952,0.183767,0,0,0.006186,0,0,0,0,0,0,0,0,0,0,0.02722
"66",114100,0.004084,0.002504,0.000519,0.000112,0.001872,0.000309,7.57,0.001365,0.000249,0.005279,0.000483,0.000381,0.007506,0.000228,0.05155,0,0,0.05155,0,0,3.56713,3.56713,0,0,0,0,0,0,0,0,0,0,0,0,0,0
"67",114200,0,0,0,0,0,0,0,0,0,0,0,0,0,0,0,0,0,0,0,0,0,0,0,0,0,0,0,0,0,0,0,0,0,0,0,0
"68",115000,0.014096,0.008156,0.00737,0.000332,0.000454,0,0,0.25652,1e-05,0.003771,0.000755,0.000699,0.000209,0.020922,0.012677,0,0,0.008818,0,0.00386,0.597536,0.597536,0,0,0,0,0,0,0,0,0,0,0,0,0,0
"69",211000,0.027124,0.013744,0.001809,0.002422,0.009513,4.8e-05,0.177,0.107966,7.6e-05,0.078455,0.000735,0.000631,0.00528,0.10967,0.254513,0,0.207908,0.021651,0,0.024955,42.519311,11.977362,7.791857,22.750147,0,0,0,0,0,0,0,0,0,0,0,1.754226
"70",212100,0.003422,0.001751,0.000872,0.000374,0.000505,0.000603,17.6,0.028399,0.000137,0.027611,0.005385,0.003967,0.006276,0.004238,0.027397,0.000839,0.010579,0.010548,0,0.005431,11.918238,1.345152,0,10.573089,0,0,0.047067,0.005363,0.05243,0.011809,0.005008,1.116987,0.000408,0,0,0.681191
"71",212210,0.000404,0.000162,9e-05,2.1e-05,5.1e-05,0,0,0.002894,1.9e-05,0.002223,0.00037,0.00021,0.000999,0.000308,0.012859,0.00052,0.005564,0.001506,0,0.005269,0.430338,0.430338,0,0,0,0,0,0,0,0,0,0,0,0,0,11.268237
"72",212230,0.000341,0.000197,7.6e-05,2.9e-05,9.2e-05,0,0,0.000276,1e-05,0.000972,0.000818,0.000371,0.000767,0.000132,0.004175,0,0,0.001931,0,0.002244,0.133581,0.133581,0,0,0,0,0.035937,0.020971,0.056909,0.008332,1.207746,59.730055,0.009991,0,0,11.957409
"73",212310,0.001041,0.000571,0.000272,2.3e-05,0.000276,0,0,0.002379,2.8e-05,0.002242,0.025959,0.005491,0.001097,0.000298,0.00875,0,0.001934,0.004994,0,0.001821,0.445262,0.445262,0,0,0,0,0,2e-06,2e-06,0,0,0.002351,0,0,0,51.082925
"74",212320,0.000222,0.000116,6.9e-05,5e-06,4.2e-05,0,0,0.000754,6e-06,0.000617,0.005563,0.001215,0.000325,8.7e-05,0.002669,0.000212,0.000883,0.001101,0,0.000473,0.140626,0.140626,0,0,0,0,0,3e-06,3e-06,0,0,0,0,0,0,12.954464
"75",212390,0.00137,0.000698,0.000331,4.6e-05,0.000321,0.000119,8.69,0.00892,7.2e-05,0.008866,0.0331,0.007174,0.002183,0.001212,0.027688,0.000129,0.01378,0.008052,0,0.005727,1.262986,1.262986,0,0,0,0,0,0,0,0,0,0,0,0,0,1.650505
"76",213111,3e-06,1e-06,1e-06,0,1e-06,0,0,3.7e-05,0,2.6e-05,2e-06,2e-06,4e-06,5e-06,9e-06,0,0,9e-06,0,1e-06,0.000618,0.000618,0,0,0,0,0,0,0,0,0,0,0,0,0,0.001545
"77",213112,0.000425,2e-04,0.000134,1.4e-05,5.2e-05,0,0,0.002698,3e-06,0.002207,0.000195,0.000184,0.000389,0.000348,0.000927,0,2.2e-05,0.000857,0,4.7e-05,0.061075,0.061075,0,0,0,0,0,0,0,0,0,0,0,0,0,0.583478
"78",221100,0.029318,0.019981,0.006094,0.003523,0.010364,0.010442,35.6,0.067337,0.003187,0.485899,0.067785,0.054621,1.082028,0.004868,3.187658,2.321467,0.678891,0.112771,0,0.074537,261.525355,257.559803,0,0.708534,1.599913,1.657053,0.017392,33.321666,33.339257,0.158308,0,15.391217,3.772758,0.000718,2.7e-05,7434.31185
"79",221200,0.017332,0.005709,0.001429,0.001036,0.003245,0.007235,41.7,0.190333,4.7e-05,0.008436,0.000551,0.000498,0.002725,0.008548,0.01186,0,0.009027,0.001779,0,0.001054,6.361745,0.574419,0,5.787328,0,0,0.009441,0.016847,0.026288,0.000112,0,6.7e-05,0.006275,0,0.194243,1.194499
"80",221300,0.000374,0.000245,9.9e-05,1.8e-05,0.000127,6.7e-05,17.9,0.000823,0.000552,0.00148,0.000148,0.000101,0.001305,0.005597,0.008857,0,0.000588,0.000246,0,0.008023,1.499264,0.046528,0,1.228857,0.223881,0,8.3e-05,0,8.3e-05,1e-05,0,7.9e-05,0,0,3.7e-05,0
"81",230101,0,0,0,0,0,0,0,0,0,0,0,0,0,0,0,0,0,0,0,0,0,0,0,0,0,0,0,0,0,0,0,0,0,0,0,0
"82",230102,0,0,0,0,0,0,0,0,0,0,0,0,0,0,0,0,0,0,0,0,0,0,0,0,0,0,0,0,0,0,0,0,0,0,0,0
"83",230103,0,0,0,0,0,0,0,0,0,0,0,0,0,0,0,0,0,0,0,0,0,0,0,0,0,0,0,0,0,0,0,0,0,0,0,0
"84",230201,0,0,0,0,0,0,0,0,0,0,0,0,0,0,0,0,0,0,0,0,0,0,0,0,0,0,0,0,0,0,0,0,0,0,0,0
"85",230202,6e-05,2.8e-05,1.9e-05,0,9e-06,0,0,0.000185,0,6e-05,4.1e-05,1.5e-05,6e-06,1.8e-05,0.000112,0,1.1e-05,9.3e-05,0,8e-06,0.006846,0.006846,0,0,0,0,0,0,0,0,0,0,0,0,0,0.007911
"86",230301,0.012565,0.007212,0.006117,9.3e-05,0.001002,0.002182,17.4,0.013729,1.2e-05,0.0052,0.03734,0.004522,0.000512,0.005622,0.047485,0,0.004106,0.041877,0,0.001502,3.041421,3.041421,0,0,0,0,0,0,0,0,0,0,0,0,0,0.999859
"87",230302,0.000454,0.000193,6.1e-05,1e-06,0.000131,0,0,5e-04,0,0.000129,0.00023,3.6e-05,1.2e-05,4.8e-05,0.001302,0,0.000135,0.001139,0,2.7e-05,0.084181,0.084181,0,0,0,0,0,0,0,0,0,0,0,0,0,0.111668
"88",311111,0.98818,0.307577,0.086587,0.002051,0.218939,0.988174,100,0.155766,0.038562,0.136855,0.184847,0.138319,0.124076,0.026198,2.026312,0.071324,1.366673,0.084057,0.081155,0.423103,81.049437,81.049437,0,0,0,0,0.057292,0.050514,0.107806,12.248293,0,0.001169,0.167661,0,5.371737,5263.669233
"89",311119,0.016769,0.002354,0.001493,3.5e-05,0.000826,0.013611,81.2,0.002624,0.000673,0.002507,0.00468,0.002803,0.002924,0.00115,0.032058,0.001126,0.021478,0.001451,0.001297,0.006705,1.283551,1.283551,0,0,0,0,0.067669,0.158701,0.226371,0.864492,0,0.03815,0.033987,0.000333,0.023772,124.887631
"90",311210,0.013455,0.001718,0.00108,3.3e-05,0.000605,0.013103,97.4,0.003244,0.000557,0.004048,0.005515,0.003047,0.003465,0.001091,0.040207,0.001147,0.021766,0.001467,0.00105,0.014777,1.301006,1.301006,0,0,0,0,0.253697,0.171832,0.425531,0.000756,0,0.002272,0.000196,0.000644,0.079721,1.129504
"91",311221,0.01676,0.002166,0.001376,5.9e-05,0.000731,0.015528,92.6,0.028884,0.000557,0.02129,0.008853,0.005318,0.049976,0.023586,0.464748,0.259953,0.131051,0.004297,0.021484,0.047964,29.97174,29.97174,0,0,0,0,0.286745,2.738802,3.025549,0.322075,0,0.000888,0.594487,0.015968,4.296493,16.403632
"92",311225,0.017041,0.002263,0.001054,2.3e-05,0.001187,0.013529,79.4,0.046394,0.000726,0.039181,0.020656,0.010411,0.084141,0.06256,0.045914,0.001759,0.033634,0.002111,0.001337,0.007073,1.997989,1.997989,0,0,0,0,6.404076,14.880099,21.284209,1.297098,0,0.01329,1.017348,0.027516,6.568164,3.254797
"93",311230,3e-05,1.5e-05,3e-06,0,1.2e-05,2e-05,66.7,3e-06,1e-06,4e-06,6e-06,5e-06,3e-06,1e-06,5.4e-05,2e-06,3.3e-05,3e-06,2e-06,1.4e-05,0.002002,0.002002,0,0,0,0,1e-05,1e-06,1e-05,0,0,0,0,0,8.6e-05,0.002641
"94",311313,0.004782,0.000736,0.000625,3.5e-05,7.6e-05,0.004644,97.1,0.028588,0.003614,0.034688,0.024725,0.008869,0.070456,0.001058,0.108776,0.041671,0.024597,0.004211,0.035128,0.003168,5.232239,5.232239,0,0,0,0,0.63008,2.952033,3.582113,0.18497,0,0.166863,0.001315,0,0.005136,0.312883
"95",311320,2.3e-05,4e-06,3e-06,0,1e-06,5e-06,21.7,5e-06,1e-06,2e-06,3e-06,3e-06,1e-06,1e-06,2.7e-05,1e-06,1.3e-05,1e-06,2e-06,1e-05,0.000792,0.000792,0,0,0,0,0,2e-06,2e-06,0,0,0,0,0,5e-06,0.007939
"96",311330,9e-06,3e-06,1e-06,0,2e-06,0,0,1e-06,0,1e-06,1e-06,1e-06,1e-06,1e-06,1.1e-05,0,6e-06,1e-06,1e-06,4e-06,0.000385,0.000385,0,0,0,0,0,2e-06,2e-06,0,0,0,0,0,0.00013,0.000701
"97",311340,0.000323,9.4e-05,5.6e-05,1e-06,3.7e-05,0.000262,81.1,5.9e-05,9e-06,3.9e-05,5.1e-05,4.2e-05,2.9e-05,1.7e-05,0.000506,1.7e-05,0.000321,2.1e-05,2.5e-05,0.000122,0.019116,0.019116,0,0,0,0,0,0,0,0,0,0,0,0,0.004316,0.034336
"98",311410,0.000339,8e-05,5.3e-05,1e-06,2.6e-05,0.000227,67,0.000155,1.4e-05,6.9e-05,6.3e-05,5e-05,5.5e-05,0.000151,0.000812,2.6e-05,0.000485,3e-05,2.6e-05,0.000246,0.028792,0.028792,0,0,0,0,0.004159,0.009369,0.013527,0.053876,0.000169,0.049482,0,0,0.004344,0.08061
"99",311420,0.001504,0.000391,0.000188,2e-06,0.000201,0.001075,71.5,0.000532,4.7e-05,0.000334,0.00027,0.000209,0.000429,0.000131,0.003807,0.00015,0.002819,0.000184,0.000118,0.000536,0.168198,0.168198,0,0,0,0,0.000473,0.004433,0.004906,0.000677,0,0.002685,0.001096,0,0.00666,12.91887
"100",311513,0.000268,2.7e-05,2.1e-05,0,6e-06,8.6e-05,32.1,4.5e-05,8e-06,3.3e-05,4.3e-05,3.5e-05,3.1e-05,8e-06,0.000444,1.6e-05,0.000293,1.9e-05,2.1e-05,9.7e-05,0.017452,0.017452,0,0,0,0,0.001946,5e-06,0.001951,0.008154,0,0.018691,0.013321,0,0.064899,2.350627
"101",311514,0.000951,0.000166,8.2e-05,2e-06,8.2e-05,0.000813,85.5,0.000271,2.9e-05,0.000202,0.000212,0.000152,0.000152,4.3e-05,0.002206,8.3e-05,0.001545,9.9e-05,7.4e-05,0.000405,0.092085,0.092085,0,0,0,0,0.004024,0.007674,0.011697,0.009726,0,0.012897,0.006926,0,0.104813,0.17025
"102",311520,4.7e-05,1.1e-05,5e-06,0,6e-06,5e-06,10.6,1e-05,2e-06,3e-06,6e-06,6e-06,1e-06,1e-06,4.6e-05,1e-06,1.5e-05,1e-06,4e-06,2.6e-05,0.000926,0.000926,0,0,0,0,0.000465,4e-06,0.000469,1e-06,0,0,0,0,0.000759,0.009131
"103",311615,0.00171,0.000313,0.000302,3e-06,9e-06,0.000213,12.5,0.000227,7.4e-05,0.000146,0.000252,0.000214,0.000185,3.9e-05,0.002719,7.3e-05,0.001387,9.8e-05,0.000131,0.00103,0.083247,0.083247,0,0,0,0,0.028028,0.00031,0.028338,0.473531,0,0.017554,0.000414,0,0.032432,23.285906
"104",311700,0.008935,0.001473,0.001443,2.7e-05,3e-06,0.008477,94.9,0.0015,0.000316,0.003107,0.00151,0.001209,0.001669,0.000295,0.021876,0.000838,0.015538,0.001103,0.000701,0.003696,0.934437,0.934437,0,0,0,0,0.04353,0.001012,0.044542,0.088846,0,0,0.000682,0,0,2.117396
"105",311810,6.7e-05,2.3e-05,2.2e-05,1e-06,1e-06,4e-06,5.97,1.1e-05,2e-06,8e-06,1e-05,9e-06,8e-06,4.6e-05,0.000137,5e-06,9.5e-05,7e-06,5e-06,2.5e-05,0.005684,0.005684,0,0,0,0,6e-05,1.3e-05,7.3e-05,0,0,0,1e-06,0,7.3e-05,0.041821
"106",311820,0.000122,3.5e-05,1.8e-05,0,1.6e-05,8.9e-05,73,2.4e-05,7e-06,1.3e-05,1.9e-05,1.6e-05,9e-06,1.1e-05,0.000167,5e-06,9.9e-05,7e-06,9e-06,4.6e-05,0.006015,0.006015,0,0,0,0,0.000815,0.003666,0.004481,0,0,9e-06,1e-06,3e-06,0.000348,0.011097
"107",311830,1e-06,0,0,0,0,0,0,0,0,0,0,0,0,0,3e-06,0,2e-06,0,0,1e-06,0.000148,0.000148,0,0,0,0,5.1e-05,7e-06,5.7e-05,0,0,1e-06,0,0,2.8e-05,0.000224
"108",311910,0.000152,5.2e-05,1.8e-05,0,3.4e-05,9.8e-05,64.5,4.7e-05,5e-06,2.6e-05,2.8e-05,2.2e-05,2.1e-05,6e-06,0.00029,1.1e-05,0.000207,1.3e-05,1.2e-05,4.8e-05,0.012306,0.012306,0,0,0,0,0.000515,6.7e-05,0.000582,0.000802,0,0.000264,1e-06,2e-06,0.001045,0.027746
"109",311920,4.4e-05,9e-06,5e-06,0,4e-06,5e-06,11.4,1.4e-05,2e-06,1e-05,1.2e-05,8e-06,4e-06,3e-06,5.6e-05,2e-06,3.7e-05,3e-06,3e-06,1.1e-05,0.002225,0.002225,0,0,0,0,0.000404,0.000137,0.00054,7.4e-05,0,6e-06,1e-06,2e-06,0.00054,0.005874
"110",311930,0.000317,0.000215,1.1e-05,0,0.000204,3e-06,0.946,2.2e-05,8e-06,8e-06,4.2e-05,3.9e-05,8e-06,1.2e-05,0.000135,5e-06,7.9e-05,5e-06,2.4e-05,2.3e-05,0.004735,0.004735,0,0,0,0,0.001871,0.001195,0.003066,0,0,0,0,0,0.001944,0.027394
"111",311940,0.001838,0.000342,0.00025,7e-06,8.6e-05,0.001259,68.5,0.00038,0.000139,0.000189,0.00029,0.000248,0.000126,0.000199,0.001638,4.6e-05,0.000892,7.7e-05,0.00014,0.000483,0.054445,0.054445,0,0,0,0,0.097286,0.015977,0.113263,3.4e-05,0,0.001338,0.000117,0.000403,0.056572,0.756581
"112",311990,0.000476,0.000125,8.3e-05,1e-06,4.2e-05,0.000286,60.1,0.000121,2.4e-05,7.1e-05,7.9e-05,6.4e-05,6.2e-05,3.2e-05,0.000961,3.3e-05,0.000609,4.5e-05,3.7e-05,0.000238,0.036709,0.036709,0,0,0,0,0.01141,0.002107,0.013517,0.014115,0,0.000659,2.4e-05,4.1e-05,0.007441,0.105702
"113",312110,9.3e-05,1.2e-05,1e-05,0,2e-06,0,0,1.4e-05,0,8e-06,3e-06,1e-06,1.1e-05,1e-06,1e-04,8e-06,4.5e-05,6e-06,1.2e-05,2.9e-05,0.003331,0.003331,0,0,0,0,8.6e-05,2.2e-05,0.000109,0,0,6e-06,0,0,0.000187,0.016032
"114",312120,0.002448,0.001041,0.000241,0.000451,0.000349,0.002414,98.6,0.000526,2e-05,0.000763,0.000215,7.8e-05,0.001628,0.000373,0.004522,0.000421,0.002571,0.000291,0.000325,0.000914,0.18616,0.18616,0,0,0,0,0.01099,0.039193,0.050183,0.159315,0,0.001026,0.000752,0.004203,0.002984,13.682712
"115",312130,4.6e-05,1.1e-05,6e-06,3e-06,2e-06,2e-06,4.35,1.3e-05,0,8e-06,3e-06,2e-06,8e-06,5.3e-05,3.8e-05,3e-06,1.5e-05,2e-06,6e-06,1.2e-05,0.00114,0.00114,0,0,0,0,9.7e-05,0.00131,0.001407,3e-06,0,0.000259,6.7e-05,0,0.000158,1.584097
"116",312140,0.003117,0.002088,0.000135,0.001663,0.00029,0.002762,88.6,0.000895,2.5e-05,0.000493,0.000195,1e-04,0.000444,0.001901,0.001965,0.000176,0.000975,0.000137,0.000413,0.000264,0.073782,0.073782,0,0,0,0,0.00565,0.093341,0.098991,0.000235,0,0,0.004806,0,0.001071,42.921792
"117",313100,0.00041,8.9e-05,8.1e-05,1e-06,7e-06,0,0,6.4e-05,1e-06,5.7e-05,4e-05,1.5e-05,0.000117,4e-05,0.001551,7.9e-05,0.000275,3.3e-05,0.000145,0.001019,0.023113,0.023113,0,0,0,0,0.001035,0.010191,0.011226,1e-06,0,0,0.000267,1.4e-05,0.004315,0.623099
"118",313210,0.000198,6.1e-05,5.1e-05,1e-06,8e-06,0,0,4.4e-05,1e-06,8.6e-05,4.4e-05,1.7e-05,0.000176,3.5e-05,0.000881,8.4e-05,0.000277,2.8e-05,7e-05,0.000421,0.023362,0.023362,0,0,0,0,0.000113,0.00164,0.001753,5e-06,0,0.001311,0.000531,0.000363,0.000339,0.045012
"119",313220,5.7e-05,2.1e-05,1.9e-05,0,2e-06,1.8e-05,31.6,7e-06,0,1.3e-05,1e-05,4e-06,3.4e-05,2e-06,0.000161,2.2e-05,6.4e-05,8e-06,2e-05,4.7e-05,0.005719,0.005719,0,0,0,0,0.000527,0,0.000527,0,0,0,0,0,0,0.010343
"120",313230,0.00051,0.000159,0.000101,2e-06,5.5e-05,1.3e-05,2.55,8.2e-05,8e-06,0.000147,0.000121,4.4e-05,0.000346,6.3e-05,0.002347,0.00024,0.000812,9.5e-05,0.000181,0.00102,0.068762,0.068762,0,0,0,0,0.00057,0.016244,0.016814,2e-06,0,0,0.009808,6.1e-05,0.000214,0.098828
"121",313240,7.7e-05,2e-05,1.8e-05,0,2e-06,0,0,1.8e-05,1e-06,3.2e-05,2.5e-05,9e-06,8.2e-05,2e-06,0.000377,5.6e-05,0.00019,2.1e-05,2.7e-05,8.4e-05,0.01595,0.01595,0,0,0,0,7e-06,1.7e-05,2.4e-05,3.1e-05,0,0,1e-05,2.4e-05,2.6e-05,0.045952
"122",313310,0.000265,8.3e-05,5e-05,1e-06,3.2e-05,4e-05,15.1,0.000122,5e-06,0.000236,0.000141,5.6e-05,0.000561,9.6e-05,0.001462,0.000247,0.000835,8.7e-05,9.4e-05,0.000199,0.069956,0.069956,0,0,0,0,0.002744,0.016568,0.019312,0.000566,0,0.000753,0.000658,0.000835,0.003837,0.076761
"123",313320,0.000226,6.3e-05,5.3e-05,0,9e-06,2.2e-05,9.73,9.5e-05,5e-06,0.00063,0.000102,6.1e-05,0.000178,0.000326,0.000764,0.00012,0.000395,4.4e-05,8e-05,0.000125,0.033592,0.033592,0,0,0,0,0.049075,0.129382,0.178457,3.7e-05,0,0.001324,0.022229,0.000969,0.020679,0.077869
"124",314110,2.3e-05,7e-06,3e-06,0,4e-06,0,0,7e-06,0,8e-06,5e-06,2e-06,1.6e-05,1e-06,6.1e-05,9e-06,3.4e-05,5e-06,1e-06,1.3e-05,0.002842,0.002842,0,0,0,0,5e-06,1.9e-05,2.4e-05,2e-06,0,1e-06,1.7e-05,6e-06,0.000129,0.003033
"125",314120,2.6e-05,1e-05,5e-06,0,5e-06,0,0,4e-06,0,3e-06,2e-06,1e-06,6e-06,0,2.8e-05,4e-06,1.4e-05,2e-06,1e-06,7e-06,0.001222,0.001222,0,0,0,0,0,0,0,0,0,0,0,0,0,0.001275
"126",314910,0.000282,0.000118,9.4e-05,1e-06,2.3e-05,5e-05,17.7,4.5e-05,0,2.4e-05,1.3e-05,4e-06,4.1e-05,5e-06,0.000206,2.8e-05,9.6e-05,1.7e-05,1e-05,5.6e-05,0.008499,0.008499,0,0,0,0,0.00024,0.000929,0.001169,0,0,0,3.4e-05,0,0,0.025949
"127",314990,0.000397,0.000135,1e-04,2e-06,3.3e-05,1.5e-05,3.78,1e-06,3e-06,4e-06,1e-06,0,0,6e-06,0.001015,0.000125,0.000391,8e-05,1.4e-05,0.000406,0.03628,0.03628,0,0,0,0,0.001207,0.005119,0.006325,1e-05,0,7e-06,0.004847,3.6e-05,0.001753,0.071846
"128",315100,2.1e-05,8e-06,5e-06,0,3e-06,0,0,1e-06,0,1e-06,0,0,2e-06,0,2.4e-05,0,8e-06,0,1e-06,1.5e-05,0.000418,0.000418,0,0,0,0,4.8e-05,3e-06,5e-05,2e-06,0,0,0,5e-06,7e-05,0.006836
"129",315210,0.000158,8.9e-05,8e-05,4e-06,5e-06,0,0,3e-06,0,5e-06,0,0,1e-06,6e-06,0.000154,0,7.9e-05,5e-06,8e-06,6.2e-05,0.004288,0.004288,0,0,0,0,0.000385,0.00312,0.003505,0,0,0,0.003007,0,0.000187,0.014585
"130",315220,4.8e-05,2.2e-05,8e-06,0,1.3e-05,0,0,2e-06,0,1e-06,0,0,1e-06,0,2.1e-05,0,7e-06,0,3e-06,1.1e-05,0.000388,0.000388,0,0,0,0,0,0,0,0,0,0,0,0,0,0.002889
"131",315230,4.6e-05,1.3e-05,5e-06,0,7e-06,4e-06,8.7,1e-06,0,1e-06,0,0,0,0,3.1e-05,0,2e-05,1e-06,2e-06,7e-06,0.001085,0.001085,0,0,0,0,0,0,0,0,0,0,0,0,0,0.002047
"132",315290,8e-06,3e-06,2e-06,0,1e-06,0,0,0,0,0,0,0,0,0,4e-06,0,1e-06,0,0,2e-06,5.1e-05,5.1e-05,0,0,0,0,0,0,0,0,0,0,0,0,0,0.000582
"133",315900,1.3e-05,4e-06,4e-06,0,0,0,0,1e-06,0,1e-06,0,0,0,0,2.8e-05,0,2.3e-05,1e-06,1e-06,2e-06,0.00126,0.00126,0,0,0,0,1.1e-05,0.000304,0.000315,0,0,0,4.4e-05,0,2e-06,0.001433
"134",316100,6.4e-05,1.2e-05,1.1e-05,0,2e-06,0,0,3e-06,1e-06,6e-06,1e-06,1e-06,5e-06,2.5e-05,7.4e-05,0,4.9e-05,0,0,2.5e-05,0.002468,0.002468,0,0,0,0,0.003073,0.00805,0.011123,0.001533,0,9.6e-05,0.011127,0.003614,0.007143,0.144429
"135",316200,0,0,0,0,0,0,0,0,0,0,0,0,0,0,0,0,0,0,0,0,5e-06,5e-06,0,0,0,0,3e-06,5e-06,8e-06,0,0,0,1e-06,0,1e-06,1.5e-05
"136",316900,0.000103,4.4e-05,2.7e-05,0,1.7e-05,0,0,4e-06,0,1e-05,1e-06,0,8e-06,0,0.000165,0,9e-05,5e-05,0,2.6e-05,0.007991,0.007991,0,0,0,0,0,0,0,0,0,0,0,0,0,0.006319
"137",321100,0.002047,0.000462,0.000361,9e-06,9.1e-05,9e-06,0.44,0.002858,2.3e-05,0.000785,0.000906,0.000581,0.00015,0.001643,0.011014,0,0.001054,0.000568,0.007622,0.00177,0.102837,0.102837,0,0,0,0,0.027,0.029426,0.056425,0.000353,0,0.000684,0.069126,0,0.000387,0.610048
"138",321219,8.2e-05,2.8e-05,1.6e-05,0,1.2e-05,0,0,0.000269,3e-06,0.000168,0.000153,8.3e-05,4.9e-05,0.000232,0.00107,8e-06,0.000319,7.6e-05,0.000419,0.000247,0.022668,0.022668,0,0,0,0,0.002446,0.100418,0.102865,1.7e-05,0,0.001662,0.000669,0.000184,0.001678,0.015114
"139",321910,0.000692,0.00021,0.000173,4e-06,3.4e-05,1.1e-05,1.59,0.000349,1e-06,9.1e-05,0.000154,0.000101,1.2e-05,0.000332,0.001171,0,0.000177,1.8e-05,0.000648,0.000328,0.011795,0.011795,0,0,0,0,0.006283,0.012599,0.018882,2e-06,0,9.1e-05,0.000252,4e-06,0,0.097561
"140",321920,0.000378,0.000136,0.000103,3e-06,3e-05,2e-06,0.529,0.000163,1e-06,6.8e-05,0.000146,7.2e-05,2e-05,0.000196,0.001058,0,0.000174,0.000159,0.000553,0.000173,0.033953,0.033953,0,0,0,0,0.003657,0.024359,0.028016,7e-06,0,4.9e-05,0.000217,0,1e-05,0.048574
"141",321991,5e-06,1e-06,1e-06,0,0,0,0,0,0,0,0,0,0,1e-06,6e-06,0,0,0,4e-06,1e-06,4.1e-05,4.1e-05,0,0,0,0,2.2e-05,4e-06,2.6e-05,0,0,0,0,0,0,0.001028
"142",321992,3.9e-05,1.3e-05,1e-05,0,3e-06,0,0,6e-06,0,2e-06,3e-06,2e-06,0,4e-06,4.9e-05,0,7e-06,1e-06,3.7e-05,6e-06,0.000452,0.000452,0,0,0,0,0.000111,0.000216,0.000327,0,0,0,1.5e-05,0,0,0.007003
"143",321999,0.000816,0.000252,0.000217,2e-06,3.2e-05,0.000565,69.2,0.001069,4e-06,3e-04,0.000506,0.000266,2.9e-05,0.000855,0.001806,0,0.000412,3.9e-05,0.000788,0.000567,0.026973,0.026973,0,0,0,0,0.011652,0.071193,0.082845,2.5e-05,0,0.000213,0.000619,1e-06,2.6e-05,0.370457
"144",322110,0.001117,0.000366,0.000214,1e-05,0.000143,0,0,0.003808,0.000127,0.003231,0.001341,0.000668,0.006795,0.000867,0.075515,0.00168,0.008062,0.005375,0.058451,0.001947,0.937363,0.937363,0,0,0,0,0.051969,0.566461,0.618429,0.084054,0,0.063639,0.025267,0.001859,0.230166,9.432453
"145",322120,0.013798,0.00587,0.002405,9.3e-05,0.003373,0.000141,1.02,0.057666,0.001549,0.044294,0.011141,0.007716,0.069394,0.019087,0.349737,0.04719,0.071266,0.023113,0.172708,0.035459,9.657386,9.657386,0,0,0,0,0.773508,10.388694,11.162196,1.647012,0,1.373504,0.550264,0.019794,2.938919,70.346619
"146",322130,0.006677,0.002492,0.001133,4.5e-05,0.001315,0.000244,3.65,0.033603,0.000976,0.020646,0.007149,0.005179,0.026738,0.01175,0.305159,0.02771,0.062765,0.01302,0.180616,0.021047,6.706011,6.706011,0,0,0,0,0.749863,8.697597,9.447413,0.746818,0,1.069613,0.157782,0.01175,0.933377,239.954432
"147",322210,0.017698,0.004676,0.003821,9.2e-05,0.000763,0.012268,69.3,0.006255,5.8e-05,0.002272,0.000811,0.000415,0.002361,0.020109,0.029517,0.000693,0.016222,0.001858,0.002301,0.008443,0.993916,0.993916,0,0,0,0,0.043134,0.047163,0.090296,0.001517,0,8e-06,0.02818,0.001448,0.000412,1.610368
"148",322230,0.000571,0.000177,0.000128,2e-06,4.7e-05,0.000426,74.6,0.000139,0,4.2e-05,5e-06,3e-06,2.3e-05,0.000575,0.00047,6e-06,0.000135,5e-06,7.4e-05,0.00025,0.007608,0.007608,0,0,0,0,0.000161,0.000256,0.000417,0,0,7e-06,0.000167,0,0,0.036016
"149",322291,0.001525,0.000868,0.000177,3e-06,0.000688,0.000222,14.6,0.000468,5e-06,0.000363,0.000106,5.8e-05,0.000482,0.00163,0.00261,5.6e-05,0.001314,2.9e-05,0.000198,0.001013,0.072855,0.072855,0,0,0,0,0,0.003455,0.003455,0,0,0,0.001069,1.3e-05,0,0.079925
"150",322299,0.004179,0.001474,0.000928,8e-06,0.000537,0.003737,89.4,0.001989,1.2e-05,0.000686,0.00017,8.2e-05,0.00069,0.004357,0.008555,0.000211,0.005006,0.000117,0.000543,0.002678,0.277789,0.277789,0,0,0,0,0.006904,0.010929,0.017834,0,0,5.1e-05,0.007139,0,0,1.413732
"151",323110,0.006417,0.002916,0.002075,3e-05,0.000811,0.001929,30.1,0.00033,5e-06,0.000154,5.7e-05,4e-05,1.4e-05,0.008515,0.00655,0,0.003241,7.3e-05,6.9e-05,0.003168,0.167323,0.167323,0,0,0,0,0.279793,0.257642,0.537435,8e-06,0,1.1e-05,0.008654,6.1e-05,0.005988,0.91532
"152",323120,0.00037,0.000224,0.000173,3e-06,4.8e-05,1e-06,0.27,4.8e-05,0,1.3e-05,1e-06,0,0,2.2e-05,0.000237,0,0.000109,0,4e-06,0.000124,0.005474,0.005474,0,0,0,0,0.000693,0.001019,0.001712,0,0,7.8e-05,0.001044,9e-06,0.038898,0.041691
"153",324110,0.022729,0.001816,0.00065,7.2e-05,0.001094,0.000638,2.81,0.015947,0.000676,0.021424,0.003174,0.002541,0.037231,0.015567,0.389775,0.000127,0.104085,0.252542,0.019144,0.013877,23.267677,23.195626,0,0.072095,0,0,1.047591,1.684621,2.732208,0.97709,0.205243,0.02665,0.169307,0.004185,0.22519,15.262296
"154",324121,0.000123,3.3e-05,1.1e-05,0,2.2e-05,0,0,0.000204,2e-06,0.000151,9.1e-05,4e-05,0.00013,6.5e-05,0.000898,1.3e-05,0.000661,0.000146,7e-06,7.1e-05,0.044473,0.044473,0,0,0,0,5.8e-05,0.000572,0.00063,0,0,1e-06,5e-06,0,0,0.003651
"155",324122,0.000151,5.1e-05,1.4e-05,0,3.7e-05,1.3e-05,8.61,5.1e-05,1e-06,3.7e-05,3.9e-05,2.4e-05,6.2e-05,4.3e-05,0.000412,4e-06,0.000235,0.000103,8e-06,6.1e-05,0.019386,0.019386,0,0,0,0,0.000123,0.00029,0.000413,8e-06,0,0.00064,0.001462,3e-06,3e-06,0.053805
"156",324191,0.000672,0.000169,7.3e-05,3e-06,9.3e-05,0.000275,40.9,5.2e-05,5e-06,0.000135,2.2e-05,1.3e-05,0.000245,5e-05,0.001748,1.2e-05,0.000645,0.000906,3.7e-05,0.000149,0.096718,0.096718,0,0,0,0,0.012041,0.003308,0.015348,0.007039,0,0.000194,0.018196,0.000465,0.035599,0.108518
"157",324199,0.000261,6.2e-05,2.8e-05,1e-06,3.3e-05,1.3e-05,4.98,0.000814,1.4e-05,0.001876,0.001371,0.000545,0.012762,0.000202,0.005589,0.002257,0.000752,0.002107,0.000301,0.000172,0.410849,0.410849,0,0,0,0,0.048,0.100074,0.148073,0.000391,0,9e-06,0.011092,0,0,0.035813
"158",325110,0.003277,0.000507,0.000108,2e-05,0.00038,8e-06,0.244,0.001427,8e-05,0.00207,0.000524,0.000189,0.001693,0.000149,0.081101,0.00111,0.031812,0.031072,0.013502,0.003606,4.401532,3.682842,0.508352,0.210352,0,0,0.040071,0.056195,0.096265,0.009164,0.133365,0.001895,0.033104,0.003134,0.097711,14.57706
"159",325120,0.000627,0.000253,8.1e-05,7e-06,0.000165,1.7e-05,2.71,0.000403,4.8e-05,0.000773,2.8e-05,2.6e-05,9.6e-05,6.1e-05,0.016453,0,0.00587,0,0.003951,0.006632,2.552552,0.295166,0,0,0,2.257384,0.022993,0.035849,0.058842,0.001184,0,0.000608,0.012018,0,0.000963,12.946227
"160",325130,0.000881,0.000216,0.000143,6e-06,6.7e-05,4.1e-05,4.65,0.012191,1.7e-05,0.000973,0.000805,0.000311,0.002325,0.000359,0.006809,0.001298,0.00309,0.000773,0.000237,0.001411,0.57938,0.324456,0.254924,0,0,0,0.012378,0.688976,0.701354,0.077474,0.683334,1.428128,0.232958,0.000927,0.109004,23.826428
"161",325181,0.000425,8.9e-05,8e-05,6e-06,3e-06,4e-05,9.41,0.000138,6e-06,0.001499,0.000123,7.4e-05,0.002586,2.6e-05,0.027341,0.003255,0.0153,0.000163,0.002604,0.006019,1.070673,1.070673,0,0,0,0,0.078518,0.137281,0.215798,0.032614,0.035763,0.01686,0.013057,0.000113,3e-06,16.002494
"162",325182,0.00012,3.1e-05,1.5e-05,0,1.5e-05,0,0,0.020668,6e-06,0.001619,0.000286,0.000188,0.011061,0.000428,0.00512,0,0.001223,0.00367,0,0.000227,0.308492,0.308492,0,0,0,0,0.00118,0.26535,0.26653,0.010139,0.088367,0.190289,0.030541,6e-05,0.012553,0.012542
"163",325188,0.006432,0.002001,0.001899,5.5e-05,4.7e-05,0.003173,49.3,0.005008,0.000569,0.004873,0.00243,0.001642,0.019865,0.001445,0.085667,0.008223,0.02943,0.005626,0.009522,0.032866,4.253385,2.571578,1.681807,0,0,0,0.477508,0.990393,1.467905,0.585939,1.552196,1.266403,3.215768,0.019398,1.986645,65.461037
"164",325190,0.012111,0.001905,0.001534,0.00011,0.000261,0.002647,21.9,0.020959,0.00072,0.03087,0.003788,0.002723,0.025392,0.016919,0.299648,0.037442,0.114419,0.041395,0.090233,0.01616,13.066921,11.722382,0,0,1.344515,0,2.91192,4.586,7.49792,3.496591,8.839104,0.162464,1.165965,0.040218,12.357338,90.392992
"165",325211,0.00872,0.001507,0.000944,6.7e-05,0.000496,0.000734,8.42,0.006239,7.3e-05,0.005303,0.000697,0.000466,0.003761,0.00382,0.132064,0.005536,0.068803,0.028668,0.014037,0.015019,5.728012,5.728012,0,0,0,0,0.893475,1.97729,2.870764,0.199451,1.1535,0.016654,0.193361,0.001745,1.645103,1.60758
"166",325212,0.000404,9.8e-05,5.5e-05,2e-06,4.1e-05,8.7e-05,21.5,0.000243,1.3e-05,0.000495,0.000196,7.3e-05,0.000776,0.000415,0.004134,0.000399,0.002233,8e-05,0.000957,0.000466,0.153641,0.153641,0,0,0,0,0.11981,0.213484,0.333294,0.01697,0.053072,0,0.016734,2e-06,0.00485,1.476828
"167",325220,0.000398,8.2e-05,6.9e-05,2e-06,1.1e-05,0,0,0.000455,7e-06,0.000911,0.00038,0.000191,0.001753,0.00069,0.002739,0.000569,0.001213,0.000154,0.000107,0.000696,0.122217,0.122217,0,0,0,0,0.071953,0.579961,0.651912,0.050563,0.610673,0.038488,0.005484,1e-05,0.006357,4.400332
"168",325310,0.012105,0.001911,0.001474,8.3e-05,0.000354,5e-05,0.413,0.021519,0.024702,0.038687,0.00872,0.005793,0.060937,0.003693,0.299769,0.001289,0.268018,0.006443,0.003866,0.020154,56.511587,14.01178,18.929557,0,23.570251,0,3.152154,21.066695,24.218837,2.771161,4.92642,0.325219,1.35783,0.000147,0.131557,102.179637
"169",325320,0.008835,0.003783,0.000578,3.5e-05,0.003169,4e-06,0.0453,0.001528,0.000136,0.005334,0.001461,0.00059,0.008719,0.001714,0.014978,0.002644,0.005206,0.001011,0.002372,0.003745,0.566846,0.566846,0,0,0,0,0.297778,0.646211,0.943992,0.66748,4.227474,0.01696,0.050776,5e-06,0.2269,263.070501
"170",325411,0.021455,0.009976,0.002377,5.5e-05,0.007544,0.018154,84.6,0.002175,0.000302,0.005575,0.00074,0.000515,0.004692,0.018341,0.043481,0,0.028563,0.002999,0.004229,0.00769,1.644253,1.644253,0,0,0,0,0.908892,1.649898,2.558788,0.441325,0,0.038131,0.739365,0.00262,5.933166,4.94866
"171",325412,0.002856,0.0014,0.000309,9e-06,0.001082,0.001417,49.6,0.000146,6e-06,0.000222,0.000137,4.8e-05,0.000436,0.002089,0.002124,0.00025,0.001109,8.3e-05,0.000111,0.000571,0.084019,0.084019,0,0,0,0,0.01377,0.022541,0.03631,0.005124,0.032293,0.001284,0.009266,0.000482,0.038743,0.29137
"172",325413,5.4e-05,1.4e-05,1e-05,0,3e-06,1e-06,1.85,0,0,1e-06,0,0,0,3.9e-05,5.4e-05,0,1.3e-05,2e-06,1.1e-05,2.9e-05,0.000763,0.000763,0,0,0,0,2e-06,1.6e-05,1.8e-05,0,0,0,8e-06,0,1e-06,0.003455
"173",325414,0.00248,0.00098,0.000476,8e-06,0.000497,1.8e-05,0.726,7.3e-05,4e-06,0.000117,5e-06,3e-06,1.6e-05,0.001853,0.00329,0,0.00172,6.2e-05,0.000489,0.001019,0.090802,0.090802,0,0,0,0,0.059226,0.009212,0.068438,0,0,0.001942,3e-06,0,0.048074,0.412815
"174",325510,0.002019,0.000523,0.000266,6e-06,0.000251,1e-06,0.0495,0.001755,3e-06,0.000227,0.000176,8e-05,0.000366,0.000644,0.002058,0.000275,0.000561,0.000129,0.000542,0.000551,0.061666,0.061666,0,0,0,0,0.09567,0.160613,0.256284,1.5e-05,0,0.000704,0.051267,0.000325,0.047347,248.124473
"175",325520,0.001559,0.000382,0.000252,6e-06,0.000123,3.2e-05,2.05,3e-04,1.4e-05,0.00031,0.000234,8.7e-05,8e-04,0.000181,0.003751,0.000475,0.000874,0.001427,0.000418,0.000557,0.185574,0.185574,0,0,0,0,0.052516,0.093563,0.146079,0.000214,0,0.001905,0.013603,0.000896,0.023454,32.689283
"176",325610,0.001622,0.000673,0.000118,3e-06,0.000552,0.000243,15,0.000206,9e-06,0.000335,0.00025,9e-05,0.000782,9.5e-05,0.002742,0.000528,0.001109,0.000202,0.000435,0.000467,0.116694,0.116694,0,0,0,0,0.019235,0.029808,0.049043,0.000726,0.009072,0.000134,0.00429,0.000341,0.036584,6.449867
"177",325620,0.000187,8.5e-05,2e-05,0,6.5e-05,2.1e-05,11.2,3.2e-05,1e-06,5.1e-05,4.8e-05,1.6e-05,0.000141,7e-06,0.000456,0.000111,0.000242,3.2e-05,5e-05,2.1e-05,0.024233,0.024233,0,0,0,0,2.5e-05,5.3e-05,7.8e-05,0,0,0,6.7e-05,4.7e-05,0.002572,0.017934
"178",325910,0.001565,0.000299,0.000267,5e-06,2.7e-05,1e-06,0.0639,5.4e-05,4e-06,0.000127,9e-05,3.6e-05,0.000394,0.00031,0.002617,0.000159,0.000305,0.001408,0.00042,0.000325,0.127652,0.127652,0,0,0,0,0.01764,0.05941,0.07705,1e-06,0,0.000225,0.003467,0.000146,0.017886,0.281662
"179",326110,0.019481,0.006929,0.003908,8.4e-05,0.002937,0.015258,78.3,0.00323,8.9e-05,0.00311,0.001723,0.00064,0.005264,0.007191,0.046221,0.003274,0.019231,0.000282,0.000608,0.022825,1.277652,1.277652,0,0,0,0,0.25037,1.269604,1.519972,0.00254,0,0.002917,0.048193,0.00463,1.97999,3.300218
"180",326121,0.000776,0.000332,0.000196,2e-06,0.000133,3.5e-05,4.51,0.000199,2e-06,9.7e-05,4.3e-05,1.5e-05,0.000116,6.4e-05,0.001517,9.1e-05,0.000521,7e-06,2.4e-05,0.000873,0.034809,0.034809,0,0,0,0,0.00364,0.007274,0.010914,1.7e-05,0,0,0.001204,4e-06,0.007831,0.110637
"181",326122,0.00031,9.7e-05,5.1e-05,1e-06,4.6e-05,1e-06,0.323,9.2e-05,1.2e-05,6.7e-05,7.5e-05,4e-05,3.6e-05,0.001118,0.000523,1.6e-05,8.8e-05,1e-06,1e-05,0.000409,0.005903,0.005903,0,0,0,0,0.17668,0.553042,0.729722,0.002218,0,0.002386,0.052334,8.5e-05,0.044584,0.02793
"182",326130,0.000195,7e-05,4.9e-05,1e-06,2e-05,2e-05,10.3,0.000114,1e-06,9e-05,3.9e-05,1.6e-05,0.000141,0.000467,0.000635,7e-05,0.000405,6e-06,6e-06,0.000148,0.027008,0.027008,0,0,0,0,0.027805,0.21345,0.241255,1e-06,0,6e-06,0.003566,0,0.115471,0.038937
"183",326140,0.000394,0.000155,7.8e-05,1.1e-05,6.6e-05,0.00013,33,0.000108,3e-06,0.000114,7.2e-05,2.6e-05,0.000195,0.000298,0.001475,0.00015,0.000869,1.9e-05,1.2e-05,0.000424,0.058338,0.058338,0,0,0,0,0.023354,0.047749,0.071103,0,0,0.001403,0.002168,0,7e-06,0.049908
"184",326150,0.000177,5.8e-05,3.5e-05,1e-06,2.3e-05,1.8e-05,10.2,0.000281,1e-06,4e-05,1.8e-05,9e-06,4.2e-05,0.000372,0.000254,2.1e-05,0.000118,3.2e-05,6e-06,7.7e-05,0.010033,0.010033,0,0,0,0,0.029648,0.060616,0.090264,0,0,0.001782,0.002752,0,9e-06,0.022712
"185",326160,0.000555,0.000207,0.000106,2e-06,9.9e-05,1e-06,0.18,5.3e-05,1e-06,3e-05,1.4e-05,5e-06,4e-05,8e-06,0.001457,3.1e-05,0.000182,3e-06,1.7e-05,0.001224,0.012084,0.012084,0,0,0,0,0.000395,0,0.000395,0,0,0,0,0,0.000347,0.045874
"186",326210,0.001214,0.00044,0.000391,3.5e-05,1.4e-05,1e-06,0.0824,0.000236,6e-06,0.000429,0.00027,0.000113,0.001216,0.000698,0.003629,0.000315,0.00188,2.7e-05,3.8e-05,0.00137,0.124359,0.124359,0,0,0,0,0.015767,0.03352,0.049287,0.000362,0,0.000885,0.120387,0.000937,0.000917,1.334516
"187",326220,0.000215,8.4e-05,5.7e-05,1e-06,2.6e-05,2e-06,0.93,3.4e-05,1e-06,4.2e-05,2.8e-05,1.2e-05,7.4e-05,9.2e-05,0.000441,3.9e-05,0.000223,3e-06,7e-06,0.000169,0.014948,0.014948,0,0,0,0,0.011499,0.022003,0.033503,6.9e-05,0,0.001158,0.02368,0.000191,0.000109,0.036482
"188",326290,0.000415,0.000158,0.000121,5e-06,3.2e-05,2e-06,0.482,7.9e-05,6e-06,6.8e-05,4.3e-05,1.8e-05,0.000105,0.000124,0.000857,7.2e-05,0.00042,6e-06,1.3e-05,0.000346,0.027963,0.027963,0,0,0,0,0.017014,0.065192,0.082206,2.6e-05,0,0.002907,0.023186,0.003077,0.02198,0.08895
"189",327211,7.1e-05,3.4e-05,1.8e-05,0,1.6e-05,0,0,5.2e-05,0,0.000999,0.000103,7.1e-05,0.000134,2.1e-05,0.001771,0,0.001464,5.6e-05,5.6e-05,0.000195,0.077227,0.077227,0,0,0,0,0.000114,0.007032,0.007147,1e-06,0,1e-06,0.009808,1e-06,0,0.026214
"190",327212,0.000117,5.7e-05,4e-05,1e-06,1.6e-05,0,0,3.9e-05,1e-06,0.000322,4.8e-05,3.6e-05,6.2e-05,3.5e-05,0.001839,0.000286,0.001026,0.000212,1.4e-05,0.000302,0.094493,0.094493,0,0,0,0,0.00155,0.011277,0.012827,0.000115,0,3e-05,0.03627,1.6e-05,0.018464,0.022739
"191",327213,0.000439,0.000216,0.000111,2e-06,0.000103,0,0,0.000116,9e-06,0.002172,0.000425,0.000349,0.00107,8.8e-05,0.006921,0,0.005525,0,0.000106,0.00129,0.277836,0.277836,0,0,0,0,0.001655,0.007878,0.009534,0,0,0.004568,0.005978,0,0,0.066935
"192",327215,0.000191,7.5e-05,5e-05,1e-06,2.3e-05,0,0,3.8e-05,1e-06,3.8e-05,3e-05,1.2e-05,7.8e-05,2.8e-05,0.000514,5.9e-05,0.000209,4.8e-05,2.2e-05,0.000176,0.019682,0.019682,0,0,0,0,0.002983,0.002989,0.005973,0,0,0,0.002757,4e-06,6.6e-05,0.062257
"193",327310,0.000144,6.9e-05,2.4e-05,2e-06,4.3e-05,0,0,0.002734,9e-06,0.003994,0.000668,0.000305,0.002935,0.000163,0.008413,0.005074,0.000437,0.001352,0.000769,0.000781,1.452427,0.606885,0.845536,0,0,0,0.00045,0.08652,0.08697,7e-06,0,0.024731,0.000276,0,0,0.013117
"194",327320,0.000194,6.5e-05,4.2e-05,1e-06,2.1e-05,0,0,3e-05,1e-06,4.8e-05,8.7e-05,3.2e-05,0.000107,3e-06,0.000499,8e-05,0.000289,6.4e-05,2.2e-05,4.2e-05,0.027022,0.027022,0,0,0,0,7.5e-05,1e-06,7.6e-05,1e-05,0,5.2e-05,5e-06,0,0,0.023081
"195",327330,9.7e-05,4.3e-05,2.5e-05,1e-06,1.7e-05,0,0,1e-04,0,4.6e-05,4.1e-05,1.7e-05,0.000191,1.2e-05,0.000232,3.5e-05,0.000121,2.6e-05,1.1e-05,4e-05,0.011276,0.011276,0,0,0,0,0.000252,0.025158,0.02541,1e-06,0,0.001387,0.000726,4e-06,0,0.013426
"196",327390,0.000234,0.000107,7.3e-05,1e-06,3.3e-05,0,0,5e-05,1e-06,5e-05,5e-05,1.8e-05,0.000102,1.1e-05,0.000506,7.7e-05,0.000267,6.1e-05,2.7e-05,7.4e-05,0.025325,0.025325,0,0,0,0,0.000401,0.000493,0.000894,0,0,0.001435,0.000815,0,0,0.055869
"197",327910,0.000226,0.000118,5.7e-05,1e-06,6e-05,3e-06,1.33,4.1e-05,1e-06,6.7e-05,5.1e-05,2e-05,0.000214,2.3e-05,0.00081,9.8e-05,0.000348,7.6e-05,2.6e-05,0.000261,0.045938,0.032487,0.013451,0,0,0,0.001061,0.006605,0.007666,0,0,0.001218,0.020751,0.00011,0.019364,0.032433
"198",327991,2.5e-05,1.2e-05,1e-05,0,2e-06,0,0,5e-06,0,9e-06,4e-06,2e-06,1.6e-05,1e-06,4.7e-05,6e-06,2.1e-05,7e-06,3e-06,1.1e-05,0.002117,0.002117,0,0,0,0,0.000343,0.000373,0.000716,0,0,4e-05,0,0,0,0.002416
"199",327992,0.000294,0.000164,5.4e-05,1e-06,0.000109,0,0,0.000575,0.000238,0.001298,0.000989,0.00043,0.002652,0.000189,0.003535,0.000572,0.002009,0.000417,3.4e-05,0.000504,0.186278,0.186278,0,0,0,0,0.004346,0.226968,0.231314,0.114902,0,0.0061,0.017516,0.001145,0,0.03879
"200",327993,3.9e-05,1.8e-05,9e-06,0,9e-06,0,0,0.000436,2.2e-05,6.2e-05,6.3e-05,4.3e-05,5.7e-05,3.6e-05,0.000422,2.6e-05,0.000299,0,0,9.7e-05,0.017331,0.017331,0,0,0,0,0.002518,0.043809,0.046327,9e-06,0,0.000546,0.001787,2e-06,0.000747,0.0194
"201",327999,4.4e-05,1.7e-05,9e-06,0,7e-06,0,0,1.1e-05,1e-06,2.1e-05,2.3e-05,1.1e-05,3.4e-05,9e-06,0.000162,2.5e-05,8.8e-05,2.1e-05,5e-06,2.3e-05,0.008378,0.008378,0,0,0,0,0.000232,0.002157,0.002389,6e-06,0,0.000168,0.000605,1e-06,6.1e-05,0.007707
"202",331110,0.009081,0.002459,0.001802,5.8e-05,0.000599,0,0,0.127681,0.000364,0.019101,0.005313,0.004252,0.014273,0.004318,0.297283,0.176313,0.081058,0.00288,0.001234,0.035798,25.622729,9.672655,15.794069,0.15599,0,0,0.34765,0.28726,0.63491,2.708325,0.047003,2.557524,18.394299,0.000894,0.115086,37.349507
"203",331200,0.0028,0.000684,0.000548,1.1e-05,0.000125,0,0,0.018231,5.8e-05,0.002694,0.00089,0.000696,0.002023,0.00118,0.007695,0,0.004783,0,0.000199,0.002713,0.240503,0.240503,0,0,0,0,0.133172,0.303656,0.436827,0.864587,0.006803,0.337212,3.214464,0.001559,0.171991,1.194583
"204",331314,0.002816,0.000394,0.000274,4e-06,0.000116,0,0,0.000579,2.6e-05,0.000667,5e-06,4e-06,2e-05,4.2e-05,0.019161,0,0.012689,0.000388,0.002554,0.003531,0.669371,0.669371,0,0,0,0,0,0,0,0,0,0,0,0,0,30.571825
"205",331411,0.000383,9.7e-05,2.5e-05,4e-06,6.8e-05,1.1e-05,2.87,0.000314,4e-06,0.00022,0.000209,9.6e-05,0.003078,1.7e-05,0.002626,0.000303,0.001246,0.000282,0.00014,0.000655,0.115212,0.115212,0,0,0,0,0.012593,0.018159,0.030752,0.000504,0.017943,4.078508,0.007776,1.6e-05,0,0.030508
"206",331419,0.000377,0.000105,8.3e-05,2e-06,2e-05,1.3e-05,3.45,0.005686,0.000162,0.000701,0.000421,0.000187,0.011107,9.2e-05,0.003838,0.000352,0.001499,0.000324,0.000142,0.001521,0.800043,0.13605,0.194339,0,0,0.469654,0.063005,1.32856,1.391566,0.146889,0,1.635264,2.121849,0.002891,0.032557,0.05515
"207",331420,0.000707,0.000155,0.000117,2e-06,3.5e-05,2e-06,0.283,0.000976,3.3e-05,0.000292,0.00024,0.000118,0.000977,0.000165,0.002327,0.000301,0.000919,0.000222,0.000228,0.000657,0.093199,0.093199,0,0,0,0,0.031665,0.052301,0.083966,0.003926,2.8e-05,0.252934,0.447615,0.000252,0.008406,0.096144
"208",331490,8e-04,0.000277,0.000186,2e-06,8.9e-05,9e-06,1.13,0.000843,4.8e-05,0.000473,0.000356,0.000168,0.001235,0.000167,0.003894,0.000491,0.001842,0.00041,0.000274,0.000878,0.173489,0.173489,0,0,0,0,0.039662,0.075812,0.115474,0.018021,2.9e-05,0.387435,0.515434,0.000591,0.358897,0.188577
"209",331510,0.000786,0.000378,0.000297,3e-06,7.8e-05,3e-06,0.382,0.001717,1.6e-05,0.000573,0.001123,0.000661,0.001093,0.000741,0.00545,0.000765,0.002521,6.4e-05,0,0.0021,0.199027,0.199027,0,0,0,0,0.042001,0.049628,0.091629,0.002179,0,0.166598,0.530532,0.002816,0.00264,0.39763
"210",331520,0.000415,0.000157,0.00014,2e-06,1.4e-05,3e-06,0.723,0.000205,5e-06,0.000247,0.000234,0.000102,0.000505,6.5e-05,0.002188,0.000403,0.001248,3.4e-05,0,0.000503,0.100852,0.100852,0,0,0,0,0.004494,0.012917,0.017411,5.6e-05,0,0.007062,0.041704,0.000155,0.015843,0.213838
"211",332114,0.000604,0.00017,0.000123,3e-06,4.4e-05,0,0,2.3e-05,1e-06,3.6e-05,1e-05,4e-06,1.2e-05,8e-05,0.000854,8e-06,0.000617,1.1e-05,5e-06,0.000214,0.032452,0.032452,0,0,0,0,0.00332,0.013215,0.016535,4e-06,0,0,0.00207,5e-06,0.002134,0.06534
"212",332310,0.001131,0.000418,0.000309,5e-06,0.000104,2e-06,0.177,0.000492,1e-06,8.4e-05,3.8e-05,2e-05,2.9e-05,0.000356,0.000985,1.8e-05,0.000588,1.1e-05,1e-05,0.000358,0.03197,0.03197,0,0,0,0,0.053506,0.024816,0.078322,0.011709,0,0.001544,0.020611,0.000101,0.00041,0.162543
"213",332320,0.003153,0.001165,0.000937,1.9e-05,0.000209,6e-06,0.19,0.000187,4e-06,0.000142,4.7e-05,2.2e-05,7.5e-05,0.000348,0.002532,5.4e-05,0.001515,2.5e-05,2.8e-05,0.00091,0.082707,0.082707,0,0,0,0,0.020302,0.094843,0.115146,7.2e-05,0,0.00012,0.059802,0.000117,0.005636,0.295041
"214",332410,0.000133,5.6e-05,4.2e-05,0,1.4e-05,1e-06,0.752,1.6e-05,0,1e-05,2e-06,1e-06,4e-06,2e-06,0.000179,3e-06,0.000116,2e-06,1e-06,5.8e-05,0.00621,0.00621,0,0,0,0,0,0,0,0,0,0,0,0,0,0.014568
"215",332420,9.3e-05,3.7e-05,3e-05,0,7e-06,1e-06,1.08,9e-06,0,7e-06,3e-06,2e-06,3e-06,1.2e-05,0.000116,2e-06,7.3e-05,1e-06,1e-06,3.9e-05,0.003925,0.003925,0,0,0,0,0.001122,0.002178,0.0033,0.003689,0,1.5e-05,0.001925,8e-06,0,0.008293
"216",332430,0.066833,0.019163,0.009942,0.000264,0.008957,0.057799,86.5,0.007703,0.00016,0.007627,0.001323,0.000808,0.00163,0.333486,0.115385,0.001074,0.065736,0.000944,0.000587,0.047044,3.465131,3.465131,0,0,0,0,12.189404,24.903513,37.092916,0.000642,0,0.000116,0.134457,0.014189,0.197244,8.219523
"217",332500,0.000574,0.000258,0.000155,3e-06,1e-04,0.000187,32.6,1.8e-05,1e-06,3.1e-05,1.2e-05,7e-06,2.5e-05,4.9e-05,0.000494,1e-05,0.000275,5e-06,5e-06,0.000199,0.015079,0.015079,0,0,0,0,0.007909,0.006371,0.014279,5.8e-05,0,0.000498,0.010531,0.000507,0.004124,0.051353
"218",332600,0.000992,0.000436,0.000282,4e-06,0.00015,9e-06,0.907,0.000145,2e-06,9.7e-05,1.9e-05,1.1e-05,3.1e-05,9.1e-05,0.001483,1.8e-05,0.000919,1.5e-05,9e-06,0.000523,0.048832,0.048832,0,0,0,0,0.005941,0.008142,0.014083,7.7e-05,0,0.000574,0.048554,0.000189,6.1e-05,0.210692
"219",332710,0.002828,0.001375,0.001166,2.1e-05,0.000188,5.3e-05,1.87,0.000171,3e-06,0.000125,3e-05,1.4e-05,9.1e-05,9.8e-05,0.002852,4.2e-05,0.001167,0.000177,2.5e-05,0.001441,0.074374,0.074374,0,0,0,0,8e-04,0.007545,0.008345,0,0,2.3e-05,0.000182,1e-06,0.001716,0.646924
"220",332720,0.001059,0.000507,0.000381,7e-06,0.00012,4e-06,0.378,7.1e-05,3e-06,5.5e-05,1.4e-05,6e-06,2.8e-05,3.3e-05,0.001274,2e-05,0.000621,1.1e-05,9e-06,0.000614,0.033692,0.033692,0,0,0,0,0.007004,0.020626,0.02763,1.8e-05,0,4.7e-05,0.009541,0.000319,0.033281,0.13731
"221",332800,0.002131,0.000908,0.000646,1.5e-05,0.000247,1e-06,0.0469,0.00153,4.1e-05,0.000737,0.000128,8.9e-05,0.000234,0.000867,0.009862,4.7e-05,0.00667,0.00072,1.9e-05,0.002406,0.388327,0.388327,0,0,0,0,0.116948,0.202247,0.319194,0.05117,0,0.003185,0.587301,0.022717,0.635656,0.827115
"222",332913,6.9e-05,2.9e-05,1.3e-05,0,1.6e-05,3e-06,4.35,6e-06,0,4e-06,1e-06,0,1e-06,3e-06,8.4e-05,1e-06,4.4e-05,1e-06,1e-06,3.7e-05,0.002355,0.002355,0,0,0,0,0.000354,4e-04,0.000755,1e-05,0,2e-06,0.004287,4e-05,0.00077,0.006631
"223",332991,0.00042,0.000206,0.000128,2e-06,7.6e-05,0,0,6.3e-05,1e-06,3.7e-05,1.5e-05,1.1e-05,4.3e-05,4.8e-05,0.000823,9e-06,0.000372,5e-06,4e-06,0.000434,0.019805,0.019805,0,0,0,0,0.000746,0.000871,0.001617,1e-05,0,0.000169,0.020549,5e-05,0.000647,0.060067
"224",332996,7.4e-05,3.1e-05,2.2e-05,0,9e-06,0,0,2e-06,0,4e-06,3e-06,1e-06,2e-06,0.000219,7.9e-05,2e-06,4.3e-05,1e-06,1e-06,3.2e-05,0.002371,0.002371,0,0,0,0,0.000859,0.000681,0.00154,3.7e-05,0,0.001756,0.005985,1.4e-05,0.000351,0.005161
"225",333111,0.001587,0.000574,0.000305,3e-06,0.000266,1e-04,6.3,0.000726,3e-06,2e-04,2.4e-05,1.5e-05,0.000134,0.000261,0.001229,3e-06,0.000799,8e-06,2.1e-05,0.000397,0.040982,0.040982,0,0,0,0,0.011502,0.039478,0.05098,0.000308,0,3.7e-05,0.003432,2.5e-05,0.000134,0.152592
"226",333112,7.5e-05,2.1e-05,1.1e-05,0,1e-05,0,0,6e-05,0,3e-06,1e-06,1e-06,1e-06,8e-06,3.9e-05,0,2.1e-05,0,1e-06,1.6e-05,0.001132,0.001132,0,0,0,0,1.8e-05,0.000472,0.00049,8e-06,0,0.000298,0.00114,0,1.4e-05,0.00388
"227",333120,0.000236,7e-05,4.3e-05,0,2.6e-05,3e-06,1.27,0.00012,1e-06,3.5e-05,9e-06,4e-06,2.8e-05,2.6e-05,0.000224,0,0.000126,2.7e-05,3e-06,6.8e-05,0.008112,0.008112,0,0,0,0,0.000608,0.003858,0.004465,7.5e-05,0,0.001249,0.002465,1.3e-05,0.00062,0.011582
"228",333130,0.000123,3.9e-05,3.6e-05,1e-06,1e-06,0,0,0.000145,0,3.4e-05,2e-06,1e-06,2e-06,1.2e-05,0.000106,1e-06,4.8e-05,1e-06,2e-06,5.5e-05,0.002555,0.002555,0,0,0,0,0.000811,0.000649,0.00146,3e-06,0,9e-06,0.000712,1e-06,0,0.008161
"229",333220,6.5e-05,2.3e-05,2.1e-05,1e-06,1e-06,0,0,0.000267,0,1.2e-05,1e-06,1e-06,2e-06,1.6e-05,4.8e-05,1e-06,2.2e-05,1e-06,1e-06,2.3e-05,0.001241,0.001241,0,0,0,0,0,0,0,0,0,0,0,0,0,0.004495
"230",333295,6.4e-05,2.1e-05,1.9e-05,0,2e-06,0,0,0.000508,0,1.9e-05,2e-06,2e-06,1e-06,3.9e-05,2.6e-05,0,8e-06,0,1e-06,1.7e-05,0.000424,0.000424,0,0,0,0,0,0,0,0,0,0,0,0,0,0.00229
"231",333314,9e-06,3e-06,3e-06,0,0,0,0,0,0,0,0,0,0,1e-06,5e-06,0,1e-06,0,0,4e-06,6.9e-05,6.9e-05,0,0,0,0,3.3e-05,3.6e-05,6.9e-05,0,0,0,0.000798,0,0,0.000795
"232",333315,1.3e-05,6e-06,3e-06,0,3e-06,1e-06,7.69,5e-06,1e-06,2.2e-05,5e-06,3e-06,9.8e-05,5e-06,1e-05,0,4e-06,0,0,5e-06,0.000202,0.000202,0,0,0,0,0.002463,0.008566,0.011029,0.001924,0,1e-06,0.000444,2e-06,0.002151,0.000476
"233",333319,6.9e-05,2.7e-05,1.7e-05,0,1e-05,7e-06,10.1,0.000102,0,5e-06,1e-06,1e-06,1e-06,1e-05,3.9e-05,0,1.6e-05,1e-05,1e-06,1.2e-05,0.001438,0.001438,0,0,0,0,6.5e-05,0.000391,0.000456,0,0,0,9.5e-05,2e-06,0.000345,0.004564
"234",333414,6.2e-05,2.4e-05,1.6e-05,0,8e-06,1e-06,1.61,7e-06,0,5e-06,1e-06,1e-06,1e-06,9e-06,5.8e-05,0,3.7e-05,1e-06,1e-06,2e-05,0.001931,0.001931,0,0,0,0,6.9e-05,0.000838,0.000908,0,0,9e-06,7.2e-05,1e-06,0.000424,0.007616
"235",333415,0.000601,0.000232,0.00013,3e-06,9.9e-05,0.000118,19.6,2.7e-05,0,1.7e-05,1e-06,1e-06,1e-06,3.8e-05,0.000357,1e-06,0.000165,2e-06,8e-06,0.000181,0.008497,0.008497,0,0,0,0,0.016741,0.007942,0.024683,0.001017,0,0.000141,0.028042,0.000417,0.000396,0.037034
"236",333511,6.8e-05,3.4e-05,3.1e-05,0,3e-06,1e-06,1.47,1e-06,0,2e-06,0,0,0,1e-06,7.8e-05,0,3.1e-05,1e-06,1e-06,4.5e-05,0.001643,0.001643,0,0,0,0,0.000143,8.5e-05,0.000228,0,0,0,9e-05,0,0,0.007636
"237",333514,7.3e-05,3.6e-05,3.4e-05,1e-06,2e-06,1e-06,1.37,1e-06,0,2e-06,0,0,0,1e-06,6.5e-05,0,2.7e-05,0,1e-06,3.6e-05,0.00144,0.00144,0,0,0,0,0.000155,9.2e-05,0.000247,0,0,0,9.8e-05,0,0,0.006083
"238",333515,0.000412,0.000213,0.000169,2e-06,4.2e-05,0,0,5e-06,0,9e-06,3e-06,2e-06,3e-06,2.2e-05,0.000411,3e-06,0.000143,3e-06,6e-06,0.000256,0.007643,0.007643,0,0,0,0,0.001164,0.001369,0.002533,0,0,0,0.012776,5.2e-05,0,0.048527
"239",333611,0.000324,0.000175,1.3e-05,0,0.000162,0,0,0.000155,0,1.8e-05,2e-06,1e-06,4e-06,1.1e-05,0.000104,2e-06,5.1e-05,2e-06,4e-06,4.5e-05,0.002834,0.002834,0,0,0,0,0.000129,0.000191,0.00032,2.1e-05,0,1e-05,0.003752,2.2e-05,0.001784,0.012207
"240",333612,0.000111,5e-05,4.1e-05,1e-06,8e-06,0,0,4e-06,0,8e-06,0,0,0,2e-06,0.000176,0,0.000104,1e-06,1e-06,7e-05,0.005269,0.005269,0,0,0,0,4.3e-05,0.000216,0.000259,0,0,0,0.001128,0,0,0.012508
"241",333613,7.8e-05,3.2e-05,2.6e-05,0,6e-06,1e-06,1.28,2e-06,0,3e-06,2e-06,2e-06,1e-06,3e-06,0.000117,1e-06,5.5e-05,1e-06,1e-06,5.9e-05,0.002908,0.002908,0,0,0,0,0.000192,0.000187,0.00038,0,0,0,0.000369,0,9.9e-05,0.012057
"242",333618,0.000335,8.9e-05,5.6e-05,1e-06,3.2e-05,0,0,0.000373,1e-06,5.8e-05,8e-06,6e-06,5e-06,3.4e-05,0.000254,1e-06,0.000116,1e-06,4e-06,0.000131,0.005965,0.005965,0,0,0,0,0.000614,0.005924,0.006538,8e-06,0,0,0.002031,1.2e-05,0.003685,0.024761
"243",333911,0.000129,4.9e-05,3.5e-05,0,1.4e-05,2e-06,1.55,6e-06,0,4e-06,1e-06,1e-06,1e-06,5e-06,9.7e-05,1e-06,4.2e-05,1e-06,2e-06,5.2e-05,0.002185,0.002185,0,0,0,0,0.000498,0.001065,0.001563,7e-06,0,0,0.000237,8e-05,0,0.009691
"244",333912,4.1e-05,1.2e-05,1.2e-05,0,0,0,0,4.3e-05,0,2e-06,0,0,0,5e-06,3.1e-05,0,1.6e-05,0,1e-06,1.4e-05,0.000852,0.000852,0,0,0,0,6e-06,8.8e-05,9.4e-05,0,0,0,7e-06,0,0,0.004542
"245",333920,0.000597,0.000187,0.000169,2e-06,1.7e-05,0.000102,17.1,0.00312,1e-06,0.000758,2e-05,1.5e-05,2.6e-05,0.000255,0.000517,4e-06,0.00036,6e-06,8e-06,0.00014,0.018743,0.018743,0,0,0,0,0.003748,0.007595,0.011343,5.9e-05,0,1.2e-05,0.001502,1.2e-05,1.4e-05,0.041421
"246",333991,6.5e-05,2.7e-05,1e-05,0,1.7e-05,0,0,2e-06,0,1e-06,0,0,0,1e-06,3.2e-05,0,1e-05,0,1e-06,2.1e-05,0.00052,0.00052,0,0,0,0,8e-06,0.000305,0.000312,0,0,8e-06,2.5e-05,0.00022,0.000245,0.00348
"247",333993,1.5e-05,5e-06,5e-06,0,0,0,0,0,0,0,0,0,0,0,7e-06,0,3e-06,0,0,3e-06,0.000172,0.000172,0,0,0,0,0,0,0,0,0,0,0,0,0,0.000821
"248",333994,1.9e-05,9e-06,7e-06,0,1e-06,0,0,0,0,1e-06,1e-06,0,0,1e-06,1.6e-05,0,8e-06,0,0,7e-06,0.000469,0.000469,0,0,0,0,0,0,0,0,0,4e-06,1e-06,0,0,0.002703
"249",334111,0.000567,0.000158,4.2e-05,0,0.000116,3e-06,0.529,1e-06,0,2e-06,0,0,0,0,5.9e-05,0,3e-05,0,2e-06,2.6e-05,0.001532,0.001532,0,0,0,0,9e-06,4.5e-05,5.5e-05,0.000115,0,0,1.7e-05,0,0.000467,0.00506
"250",334112,0.000194,4.5e-05,3.3e-05,1e-06,1.1e-05,0,0,1e-06,0,2e-06,0,0,0,1e-06,9e-05,0,1.5e-05,0,1e-06,7.4e-05,0.000757,0.000757,0,0,0,0,2.1e-05,1.7e-05,3.8e-05,0,0,0,2.2e-05,0,0.001093,0.009095
"251",334210,0.000323,0.000113,5.5e-05,1e-06,5.8e-05,0,0,4e-06,0,6e-06,0,0,1e-06,1e-06,0.000137,0,0.000109,1e-06,1e-06,2.6e-05,0.005546,0.005546,0,0,0,0,0,0,0,0,0,0,4.4e-05,0,0,0.012667
"252",334220,0.000187,4.2e-05,3.9e-05,1e-06,3e-06,1e-06,0.535,0,0,1e-06,0,0,0,1e-06,3.9e-05,0,1.2e-05,0,1e-06,2.6e-05,0.000643,0.000643,0,0,0,0,3e-06,3.7e-05,4.1e-05,0,0,1e-06,0.000223,3e-06,0.000739,0.011572
"253",334290,0.000226,7.4e-05,5.9e-05,2e-06,1.3e-05,1e-06,0.442,2e-06,0,3e-06,0,0,0,6e-06,9.8e-05,0,5.7e-05,1e-06,1e-06,4e-05,0.002896,0.002896,0,0,0,0,0.000136,0.000105,0.00024,0,0,0,9.2e-05,3.9e-05,0,0.008091
"254",334300,0.000219,5.1e-05,3.2e-05,1e-06,1.9e-05,2e-06,0.913,1.5e-05,0,3e-06,0,0,0,1.1e-05,6.8e-05,0,1.9e-05,0,1e-06,4.8e-05,0.00099,0.00099,0,0,0,0,4.2e-05,0.000787,0.000829,0,0,0,3.5e-05,0,0.000142,0.007579
"255",334411,4.3e-05,1.1e-05,1.1e-05,0,0,4e-06,9.3,1e-05,0,4e-06,0,0,0,4e-06,8e-05,0,3.6e-05,0,0,4.3e-05,0.001835,0.001835,0,0,0,0,0.000466,0.001161,0.001627,0.00053,0,0,0.002885,2.9e-05,0.004557,0.009325
"256",334412,0.000333,0.000108,0.000101,1e-06,6e-06,0,0,9e-06,4e-06,1.5e-05,4e-06,2e-06,1e-06,2.9e-05,0.000405,0,0.000174,2e-06,1e-06,0.000228,0.008927,0.008927,0,0,0,0,0.002198,0.005952,0.00815,3.6e-05,0,2.7e-05,0.011217,0.000523,0.038476,0.116888
"257",334413,0.003875,0.001861,0.00078,2.5e-05,0.001056,4e-06,0.103,7.5e-05,1e-05,0.000114,9e-06,7e-06,4e-06,9e-05,0.004123,0,0.001411,0,6.7e-05,0.002644,0.35125,0.070973,0,0,0,0.280277,0.002925,0.019697,0.022622,0.058934,0,1.5e-05,0.016992,0.000887,0.283547,0.376488
"258",334417,0.000112,3.8e-05,3.6e-05,0,2e-06,4e-06,3.57,1e-06,0,2e-06,0,0,2e-06,2e-06,7.6e-05,0,2.9e-05,0,0,4.7e-05,0.001453,0.001453,0,0,0,0,0.000116,0.001422,0.001538,0.008338,0,0.000133,0.000653,1.3e-05,0.00489,0.036496
"259",334418,0.002591,0.000647,0.000487,6e-06,0.000154,7e-06,0.27,1.9e-05,6e-06,3.9e-05,5e-06,4e-06,2e-06,8.6e-05,0.000784,0,0.000198,0,1e-05,0.000576,0.00996,0.00996,0,0,0,0,0.007693,0.009056,0.01675,1.3e-05,0,0.00291,0.016685,0.000121,0.001822,0.070334
"260",334419,0.000798,0.000277,0.000268,3e-06,6e-06,0.000257,32.2,9e-06,2e-06,2e-05,2e-06,1e-06,2e-06,3.4e-05,0.000472,0,0.000149,1e-06,3e-06,0.00032,0.007531,0.007531,0,0,0,0,0.002633,0.003099,0.005732,5e-06,0,0.000996,0.00571,4.1e-05,0.000624,0.059519
"261",334510,3e-06,1e-06,1e-06,0,0,0,0,0,0,0,0,0,0,0,1e-06,0,0,0,0,0,1.3e-05,1.3e-05,0,0,0,0,1e-06,0,1e-06,0,0,0,1e-06,0,0,0.000101
"262",334511,7.8e-05,3.1e-05,3e-05,0,1e-06,3e-06,3.85,1e-06,0,1e-06,0,0,0,0,4.6e-05,0,1.8e-05,0,0,2.7e-05,0.000938,0.000938,0,0,0,0,6e-06,3.8e-05,4.4e-05,0,0,0,1.4e-05,1e-06,4.9e-05,0.004614
"263",334512,7.9e-05,2.9e-05,1.9e-05,0,9e-06,1e-06,1.27,1.3e-05,0,3e-06,2e-06,1e-06,1e-05,3e-06,4.3e-05,0,1.5e-05,0,0,2.7e-05,0.000788,0.000788,0,0,0,0,9e-05,0.000609,0.000699,0,0,2e-06,7.5e-05,9e-06,8.5e-05,0.004619
"264",334513,3e-04,9.7e-05,9.1e-05,1e-06,4e-06,3e-06,1,2e-06,0,4e-06,0,0,3e-06,1e-06,0.000131,0,4.6e-05,2e-06,1e-06,8.2e-05,0.002459,0.002459,0,0,0,0,1.9e-05,0.000226,0.000245,0,0,1.2e-05,0.000206,2e-06,0.000106,0.02062
"265",334514,0.00012,2.6e-05,2.3e-05,0,3e-06,1e-06,0.833,1e-06,0,1e-06,1e-06,0,0,1e-06,4.3e-05,0,1.8e-05,0,0,2.5e-05,0.000914,0.000914,0,0,0,0,2e-05,0.000108,0.000128,0,0,0,0.000103,7e-06,0.000175,0.006703
"266",334515,5.8e-05,2.6e-05,2.5e-05,0,1e-06,0,0,0,0,0,0,0,0,1e-06,1.8e-05,0,4e-06,0,0,1.4e-05,0.000219,0.000219,0,0,0,0,0,4.7e-05,4.7e-05,0,0,0,2e-06,0,4.4e-05,0.001547
"267",334516,7.9e-05,2.4e-05,2.2e-05,0,2e-06,4e-06,5.06,0,0,1e-06,0,0,0,0,2.3e-05,0,1.1e-05,0,0,1.2e-05,0.000554,0.000554,0,0,0,0,5e-06,0.000105,0.00011,0,0,0,0,0,0,0.006166
"268",334517,1.2e-05,5e-06,3e-06,0,2e-06,0,0,0,0,0,0,0,0,0,2e-06,0,1e-06,0,0,1e-06,3.7e-05,3.7e-05,0,0,0,0,1e-06,9e-06,1e-05,0,0,0,9e-06,0,2.5e-05,0.00019
"269",334613,0.000107,4e-05,1.5e-05,0,2.5e-05,0,0,3e-06,0,3e-06,0,0,0,3e-06,8.9e-05,0,4.9e-05,0,0,3.9e-05,0.002501,0.002501,0,0,0,0,0.019289,0.001299,0.020589,5e-06,0,0,0.000998,5e-06,0.005978,0.007652
"270",335110,8.3e-05,4.7e-05,2.1e-05,0,2.6e-05,2e-05,24.1,1e-05,0,1.4e-05,2e-06,2e-06,4e-06,1.5e-05,0.000145,0,7.7e-05,3e-06,1e-06,6.4e-05,0.004064,0.004064,0,0,0,0,0.000911,0.002738,0.003649,0.000105,0,0,0.009499,4e-06,0.001852,0.013414
"271",335120,0.000244,0.000102,5.5e-05,1e-06,4.6e-05,6e-06,2.46,3e-05,0,1.3e-05,1e-06,1e-06,1e-06,1.1e-05,0.000183,0,0.000113,4e-06,3e-06,6.3e-05,0.005965,0.005965,0,0,0,0,0.000492,0.000783,0.001275,1e-06,0,7e-06,0.000154,1e-06,0.004118,0.019909
"272",335210,2.7e-05,1.2e-05,5e-06,0,7e-06,0,0,3e-06,0,1e-06,0,0,0,3.8e-05,1.8e-05,0,9e-06,0,0,9e-06,0.000466,0.000466,0,0,0,0,7.6e-05,1.8e-05,9.5e-05,0,0,0,4e-06,0,5.9e-05,0.00322
"273",335221,1.9e-05,6e-06,3e-06,0,3e-06,0,0,2e-06,0,1e-06,0,0,0,2.7e-05,1.9e-05,0,1.3e-05,1e-06,0,5e-06,0.000709,0.000709,0,0,0,0,2e-06,9.5e-05,9.6e-05,0,0,0,9.4e-05,1e-06,0,0.001011
"274",335222,6e-06,2e-06,1e-06,0,1e-06,0,0,0,0,0,0,0,0,9e-06,5e-06,0,2e-06,0,0,2e-06,0.000117,0.000117,0,0,0,0,0.000426,0.001116,0.001542,0,0,0,3.2e-05,1e-05,2.8e-05,0.000262
"275",335224,2e-06,1e-06,0,0,0,0,0,0,0,0,0,0,0,4e-06,2e-06,0,1e-06,0,0,1e-06,5.7e-05,5.7e-05,0,0,0,0,2e-06,0.00027,0.000272,0.000111,0,5e-06,0.000111,1e-05,5.3e-05,4.7e-05
"276",335228,8e-06,3e-06,2e-06,0,2e-06,0,0,0,0,0,0,0,0,1.2e-05,8e-06,0,5e-06,0,0,3e-06,0.000268,0.000268,0,0,0,0,0.000343,0.000268,0.000611,1e-06,0,0,0.000221,3e-06,6.4e-05,0.000669
"277",335311,7.8e-05,3.2e-05,2e-05,0,1.1e-05,2e-05,25.6,3e-06,0,4e-06,1e-06,1e-06,0,1.1e-05,8.7e-05,0,4.7e-05,1e-06,1e-06,3.7e-05,0.002471,0.002471,0,0,0,0,0.000359,0.007475,0.007834,0,0,0.001262,0.000248,2.1e-05,0.000588,0.004325
"278",335312,0.000349,0.000151,9.3e-05,1e-06,5.7e-05,4e-06,1.15,4.9e-05,1e-06,3.5e-05,5e-06,4e-06,1e-06,7.6e-05,0.000431,0,0.000262,7e-06,4e-06,0.000157,0.013653,0.013653,0,0,0,0,0.002218,0.016102,0.01832,1e-05,0,1.5e-05,0.001349,1.2e-05,8.2e-05,0.018316
"279",335313,0.000185,9.2e-05,4.4e-05,1e-06,4.7e-05,3e-06,1.62,3e-06,0,4e-06,0,0,0,5e-06,0.000118,0,6.1e-05,2e-06,2e-06,5.3e-05,0.003218,0.003218,0,0,0,0,0.000749,0.000483,0.001233,5e-06,0,3e-06,0.001107,0.000131,0.001868,0.010441
"280",335314,0.001034,0.000472,0.000287,2e-06,0.000183,0.000202,19.5,3.8e-05,0,1.8e-05,0,0,0,9e-06,0.000398,0,0.000182,0,1.1e-05,0.000204,0.009176,0.009176,0,0,0,0,0.000153,0.000148,0.000301,1e-06,0,5e-06,0.001105,3.1e-05,0.009259,0.030074
"281",335911,0.00042,0.000138,0.000111,2e-06,2.6e-05,0,0,2.5e-05,1e-06,3.8e-05,9e-06,8e-06,2e-06,8e-06,0.00121,0,0.000562,2.7e-05,5e-06,0.000616,0.030012,0.030012,0,0,0,0,0.004775,0.003652,0.008426,8.6e-05,0,9.5e-05,0.020004,2.8e-05,0.029616,0.059347
"282",335912,1.9e-05,1.1e-05,3e-06,0,8e-06,0,0,0,0,0,0,0,0,1e-06,1.1e-05,0,4e-06,0,0,7e-06,0.000196,0.000196,0,0,0,0,0.000124,0.000154,0.000278,3e-06,0,0,0.003193,5e-06,0,0.001989
"283",335920,0.000422,0.000131,8.6e-05,1e-06,4.4e-05,3e-06,0.711,3.4e-05,1e-06,2.7e-05,6e-06,5e-06,3e-06,7.7e-05,0.000559,0,0.00027,1.2e-05,5e-06,0.000273,0.014323,0.014323,0,0,0,0,0.008806,0.008178,0.016984,4.1e-05,0,0.003095,0.03807,4.8e-05,0.000348,0.031685
"284",335930,0.000251,0.000124,6e-05,1e-06,6.4e-05,1.3e-05,5.18,2.3e-05,0,1.1e-05,1e-06,1e-06,1e-06,1.2e-05,0.000257,0,0.000112,4e-06,3e-06,0.000139,0.005853,0.005853,0,0,0,0,0.001706,0.002638,0.004344,5e-06,0,6e-06,0.005858,2.2e-05,0.003643,0.022612
"285",335991,0.000319,0.000145,8.7e-05,2e-06,5.6e-05,0,0,0.001239,9e-06,0.000181,0.000433,0.000359,0.000394,7.3e-05,0.002172,0,0.001436,5.7e-05,3e-06,0.000675,0.075926,0.075926,0,0,0,0,0.001696,0.016061,0.017756,5.4e-05,0,0.003439,0.00264,2.3e-05,0.031538,0.042701
"286",335999,0.000133,5.4e-05,4e-05,1e-06,1.3e-05,2e-06,1.5,9e-06,0,5e-06,0,0,1e-06,5e-06,6e-05,0,2.7e-05,1e-06,1e-06,2.9e-05,0.001468,0.001468,0,0,0,0,0.000266,0.000828,0.001094,4e-06,0,4e-06,0.002061,4e-06,0.002234,0.008391
"287",336111,1.6e-05,4e-06,1e-06,0,3e-06,0,0,1e-06,0,0,0,0,0,4e-06,7e-06,0,4e-06,0,1e-06,2e-06,0.000202,0.000202,0,0,0,0,8.8e-05,0.000821,0.000909,0,0,0,4.9e-05,6e-06,0.000149,0.000346
"288",336112,1.1e-05,2e-06,1e-06,0,1e-06,0,0,0,0,0,0,0,1e-06,3e-06,5e-06,0,3e-06,0,0,2e-06,0.00019,0.00019,0,0,0,0,6.4e-05,0.000593,0.000656,0,0,0,3.5e-05,4e-06,0.000107,0.000177
"289",336120,2.2e-05,3e-06,3e-06,0,0,0,0,3e-06,0,3e-06,1e-06,0,2e-06,7e-06,5.2e-05,1e-06,4.4e-05,3e-06,1e-06,3e-06,0.002504,0.002504,0,0,0,0,0.000157,0.001461,0.001618,0,0,1e-06,8.7e-05,1e-05,0.000264,0.000909
"290",336211,3.4e-05,1.3e-05,7e-06,0,6e-06,1e-06,2.94,4.8e-05,0,4e-06,1e-06,1e-06,1e-06,2.3e-05,1.9e-05,0,9e-06,1e-06,2e-06,8e-06,0.000511,0.000511,0,0,0,0,0.001561,0.004898,0.006459,0,0,1.4e-05,0.000272,2.7e-05,0.000513,0.002812
"291",336212,1.2e-05,3e-06,3e-06,0,0,1e-06,8.33,0,0,0,1e-06,0,0,7e-06,8e-06,0,4e-06,0,1e-06,3e-06,0.000215,0.000215,0,0,0,0,0.00017,0.000958,0.001128,0,0,2e-06,0.000176,0,3.7e-05,0.001142
"292",336213,4e-06,1e-06,1e-06,0,0,0,0,0,0,0,0,0,0,1e-06,1e-06,0,1e-06,0,0,0,3.1e-05,3.1e-05,0,0,0,0,4.3e-05,0.000266,0.00031,0,0,0,0,0,0,0.012429
"293",336214,3.1e-05,8e-06,7e-06,0,0,1e-06,3.23,1e-06,0,1e-06,0,0,1e-06,1.2e-05,1.8e-05,0,1e-05,1e-06,1e-06,5e-06,0.000588,0.000588,0,0,0,0,0.000547,0.003158,0.003705,1e-06,0,0,0.00014,0,0,0.156426
"294",336300,0.005374,0.001591,0.001213,2.7e-05,0.000351,7.7e-05,1.43,0.001888,1.2e-05,0.000338,7.7e-05,5e-05,0.000179,0.000498,0.004884,4.9e-05,0.002017,0.000146,0.000255,0.002417,0.11624,0.11624,0,0,0,0,0.019873,0.101675,0.121548,0.000253,0,0.003985,0.118943,0.003863,0.035521,0.858572
"295",336411,4.5e-05,1.6e-05,1e-05,0,6e-06,0,0,8e-06,0,1e-06,0,0,1e-06,5e-06,1.6e-05,0,6e-06,1e-06,2e-06,7e-06,0.000361,0.000361,0,0,0,0,0.000127,0.000253,0.00038,1.8e-05,0,0,2.8e-05,0,0.000146,0.000844
"296",336412,8e-05,3e-05,2e-05,0,1e-05,0,0,8e-06,0,1e-05,1e-06,1e-06,6e-06,9e-06,6.4e-05,1e-06,2.9e-05,6e-06,4e-06,2.5e-05,0.001935,0.001935,0,0,0,0,0.00011,0.000406,0.000516,4.8e-05,0,4e-06,0.000423,5e-06,0.001818,0.00636
"297",336413,9.6e-05,4.1e-05,3.5e-05,0,5e-06,2e-06,2.08,3e-06,0,7e-06,1e-06,1e-06,7e-06,1.1e-05,0.00013,1e-06,5.9e-05,1.7e-05,5e-06,4.9e-05,0.004251,0.004251,0,0,0,0,0.001637,0.001295,0.002932,1e-06,2.2e-05,6e-06,0.000723,6e-06,0.001975,0.009363
"298",336414,1.3e-05,5e-06,4e-06,0,1e-06,0,0,0,0,0,0,0,0,1e-06,6e-06,0,2e-06,0,1e-06,2e-06,0.000142,0.000142,0,0,0,0,0,1.1e-05,1.1e-05,2.2e-05,0,0,0,0,0,4.2e-05
"299",336500,0.000809,0.000296,0.000169,2e-06,0.000125,0,0,5.2e-05,1e-06,0.000131,1.7e-05,9e-06,0.000255,0.000587,0.000509,5e-06,0.000304,2.2e-05,3.8e-05,0.00014,0.017302,0.017302,0,0,0,0,0.020989,0.047922,0.068911,8.5e-05,0,7e-06,0.011391,1.9e-05,0,0.04686
"300",336611,0.000252,0.000108,9.7e-05,1e-06,1e-05,3e-06,1.19,0.006013,0,0.00021,2.8e-05,2.1e-05,3.8e-05,0.000512,0.000172,2e-06,5.4e-05,8e-06,1.2e-05,9.5e-05,0.003498,0.003498,0,0,0,0,0.012158,0.002145,0.014303,0.000207,0,0.000874,0.003368,2.4e-05,1e-06,0.040168
"301",336612,9e-06,3e-06,2e-06,0,1e-06,0,0,5e-06,0,0,0,0,0,1.4e-05,5e-06,0,3e-06,0,0,2e-06,0.000166,0.000166,0,0,0,0,0.001161,0.003629,0.00479,0,0,0,2.3e-05,0,0,0.001196
"302",336991,3e-05,1e-05,6e-06,0,4e-06,0,0,2e-06,0,1e-06,0,0,1e-06,1e-06,1.9e-05,0,1e-05,1e-06,1e-06,7e-06,0.000592,0.000592,0,0,0,0,8.1e-05,0.000308,0.000389,0,0,0,0.00013,1.7e-05,3e-05,0.002075
"303",336992,1e-06,0,0,0,0,0,0,0,0,0,0,0,0,0,0,0,0,0,0,0,7e-06,7e-06,0,0,0,0,6e-06,6.5e-05,7.1e-05,0,0,0,4e-05,0,0,3.2e-05
"304",336999,2.6e-05,8e-06,3e-06,0,5e-06,0,0,1e-06,0,1e-06,0,0,0,2e-06,1.3e-05,0,7e-06,1e-06,1e-06,4e-06,0.000397,0.000397,0,0,0,0,6.7e-05,0.000598,0.000665,0,0,0,2.9e-05,0,0,0.00123
"305",337110,0.000121,3.8e-05,3.8e-05,1e-06,0,1e-06,0.826,1e-05,0,5e-06,9e-06,5e-06,2e-06,0.000274,0.000109,1e-06,4.2e-05,6e-06,2.2e-05,3.8e-05,0.003039,0.003039,0,0,0,0,0.002966,0.023577,0.026543,0,0,2.7e-05,0.000289,0,1e-06,0.112256
"306",337121,4e-06,2e-06,1e-06,0,0,0,0,0,0,0,0,0,0,6e-06,2e-06,0,1e-06,0,1e-06,1e-06,4.2e-05,4.2e-05,0,0,0,0,4e-06,4.1e-05,4.5e-05,0,0,0,0,0,0,0.000278
"307",337122,3e-06,1e-06,1e-06,0,0,0,0,1e-06,0,1e-06,1e-06,0,0,1e-05,3e-06,0,1e-06,0,0,2e-06,6e-05,6e-05,0,0,0,0,3.4e-05,0.000428,0.000462,0,0,1e-06,3e-06,0,0,0.000344
"308",337127,2.1e-05,9e-06,6e-06,0,3e-06,1.1e-05,52.4,3e-06,0,1e-06,1e-06,0,0,3.4e-05,2e-05,0,9e-06,1e-06,3e-06,7e-06,0.000554,0.000554,0,0,0,0,5.2e-05,0.00037,0.000422,0,0,0,6.8e-05,0,0,0.003134
"309",337212,1.2e-05,6e-06,4e-06,0,2e-06,3e-06,25,1e-06,0,0,0,0,0,1.6e-05,8e-06,0,5e-06,0,2e-06,1e-06,0.000306,0.000306,0,0,0,0,2.4e-05,7.7e-05,1e-04,0,0,0,0,0,0,0.001728
"310",337215,7.9e-05,3e-05,2.6e-05,0,4e-06,3e-06,3.8,1.3e-05,0,7e-06,5e-06,3e-06,3e-06,0.000126,0.000107,2e-06,5.3e-05,3e-06,1.4e-05,3.6e-05,0.003265,0.003265,0,0,0,0,0.001288,0.00468,0.005968,0,0,0,7e-06,0,0,0.013339
"311",337910,7e-06,3e-06,1e-06,0,1e-06,0,0,0,0,0,0,0,0,0,3e-06,0,1e-06,0,1e-06,1e-06,7.9e-05,7.9e-05,0,0,0,0,0,0,0,0,0,0,0,0,0,0.00052
"312",337920,9e-05,3e-05,2.7e-05,0,3e-06,6.5e-05,72.2,1e-06,0,2e-06,1e-06,1e-06,3e-06,1.7e-05,5.2e-05,2e-06,1.4e-05,1e-06,1.3e-05,2.2e-05,0.001047,0.001047,0,0,0,0,0.00033,0.002458,0.002789,0,0,0,4.4e-05,0,6e-06,0.009205
"313",339111,5e-06,2e-06,1e-06,0,1e-06,0,0,0,0,0,0,0,0,0,3e-06,0,1e-06,0,0,1e-06,8.8e-05,8.8e-05,0,0,0,0,9e-06,1.8e-05,2.8e-05,0,0,0,1e-06,0,0,0.000367
"314",339112,3.7e-05,2.1e-05,1e-05,0,1e-05,7e-06,18.9,0,0,0,0,0,0,1e-06,1.5e-05,0,5e-06,0,1e-06,9e-06,0.000262,0.000262,0,0,0,0,0.000252,0.001157,0.001409,1e-06,0,3.6e-05,4.2e-05,1e-06,0.000216,0.002243
"315",339113,0.000156,8.5e-05,3.8e-05,0,4.7e-05,3.1e-05,19.9,2e-06,1e-06,2e-06,0,0,1e-06,6e-06,7.1e-05,0,3.1e-05,2e-06,4e-06,3.5e-05,0.001743,0.001743,0,0,0,0,0.000288,0.001713,0.002001,0,0,3.8e-05,0.000401,2.8e-05,0.000443,0.009749
"316",339114,1e-06,0,0,0,0,0,0,0,0,0,0,0,0,0,0,0,0,0,0,0,3e-06,3e-06,0,0,0,0,3e-06,4e-06,7e-06,0,0,0,1e-06,0,0,3.8e-05
"317",339115,6e-06,3e-06,2e-06,0,2e-06,0,0,0,0,0,0,0,0,0,3e-06,0,1e-06,0,0,2e-06,3.8e-05,3.8e-05,0,0,0,0,1.5e-05,0.000109,0.000124,0,0,0,0,0,1.9e-05,0.000299
"318",339116,0,0,0,0,0,0,0,0,0,0,0,0,0,0,0,0,0,0,0,0,1e-06,1e-06,0,0,0,0,0,0,0,0,0,0,0,0,0,6e-06
"319",339910,2.1e-05,7e-06,5e-06,0,2e-06,0,0,1e-06,0,1e-06,0,0,0,5e-06,7e-06,0,4e-06,0,0,2e-06,0.000234,0.000234,0,0,0,0,0.000594,0.00112,0.001713,1.5e-05,0,1.6e-05,0.001897,9e-06,0.000697,0.000679
"320",339920,1.5e-05,6e-06,3e-06,0,3e-06,0,0,0,0,0,0,0,0,2e-06,1.1e-05,0,6e-06,0,0,4e-06,0.00033,0.00033,0,0,0,0,0.000252,0.000914,0.001167,3.5e-05,0,1e-06,0.000324,3.7e-05,0.00029,0.001076
"321",339930,8e-06,4e-06,1e-06,0,2e-06,0,0,1e-06,0,0,0,0,0,2e-06,5e-06,0,3e-06,0,0,2e-06,0.00015,0.00015,0,0,0,0,0.000218,0.000518,0.000736,0,0,3.4e-05,0.000235,2.3e-05,0.000198,0.000674
"322",339940,0.000174,9.3e-05,4.4e-05,1e-06,4.8e-05,9e-06,5.17,2.8e-05,0,1e-05,3e-06,2e-06,1e-06,9e-06,0.000117,0,5.5e-05,2e-06,4e-06,5.6e-05,0.002985,0.002985,0,0,0,0,0.003742,0.003605,0.007347,0.000235,0,0,0.000156,0,0.001575,0.020018
"323",339950,0.000318,0.00012,0.000112,6e-06,1e-06,6.5e-05,20.4,4e-06,0,7e-06,0,0,3e-06,1.1e-05,0.000236,0,0.000134,8e-06,1e-05,8.5e-05,0.007566,0.007566,0,0,0,0,0.000188,0.000712,9e-04,0,0,0,8.5e-05,1e-06,0.000995,0.207168
"324",339991,0.000311,0.00014,0.000106,1e-06,3.3e-05,4e-06,1.29,1e-05,0,1.7e-05,2e-06,1e-06,5e-06,3.7e-05,0.000413,0,0.000194,1e-05,1e-05,0.000199,0.010744,0.010744,0,0,0,0,0.007812,0.023352,0.031164,3.5e-05,0,0,0.010413,0.001334,0.000705,0.082635
"325",339992,1e-05,5e-06,3e-06,0,2e-06,0,0,0,0,0,0,0,0,1e-06,7e-06,0,4e-06,0,0,3e-06,0.000215,0.000215,0,0,0,0,2.5e-05,0.000104,0.000129,0,0,0,3.6e-05,0,0,0.000788
"326",339994,8.5e-05,4.3e-05,2.1e-05,0,2.1e-05,1e-06,1.18,1e-06,0,1e-06,0,0,0,0,5.2e-05,0,2.5e-05,1e-06,2e-06,2.4e-05,0.001351,0.001351,0,0,0,0,1.6e-05,6e-05,7.6e-05,0,0,0,0,0,3.6e-05,0.004426
"327",420000,0.11201,0.077904,0.042247,0.01825,0.017407,0.057389,51.2,0.056164,0.000178,0.055265,0.015324,0.002879,0.003757,0.029725,0.097824,0.000445,0.018521,0.056598,0,0.022261,3.629942,3.629942,0,0,0,0,0.067601,0.108615,0.176216,0.000551,0,0.003125,0.022658,5.9e-05,0.002064,7.845897
"328",481000,0.003157,0.00138,0.001221,0.000167,-8e-06,0.000549,17.4,0.013739,0,0.00234,0.000558,0.000417,0.000208,0.001088,0.074865,0,0,0.074753,0,0.000112,5.021621,5.021621,0,0,0,0,0,0.000944,0.000944,0,0,0,1.5e-05,0,0,0.040955
"329",482000,0.022716,0.010995,0.004805,-0.000462,0.006652,0.014296,62.9,0.067123,0.000177,0.517402,0.014175,0.013545,0.035296,0.024888,0.312718,0,0,0.307631,0,0.005085,21.082197,21.082197,0,0,0,0,0,0,0,0,0,0,0,0,0,1.426626
"330",483000,0.002354,0.000691,0.000419,-1.5e-05,0.000287,0.000709,30.1,0.00871,1.9e-05,0.079936,0.005374,0.004956,0.037811,0.005503,0.094404,0,0,0.093899,0,0.000505,5.884803,5.884803,0,0,0,0,0,0,0,0,0,0,0,0,0,1.807327
"331",484000,0.043388,0.019714,0.013084,0.000784,0.005847,0.02178,50.2,0.347534,0.000985,0.366792,0.104853,0.018352,0.007549,0.038994,0.567732,0,0,0.562339,0,0.005393,41.884693,41.884693,0,0,0,0,0,0,0,0,0,0,0,0,0,2.172901
"332",485000,0.000823,0.000468,0.000308,6e-05,1e-04,8.9e-05,10.8,0.000752,4e-06,0.002899,0.001255,0.000251,8.9e-05,0.000171,0.007093,0,0,0.005463,0,0.001631,0.064217,0.064217,0,0,0,0,0,0,0,0,0,0,0,0,0,1.045454
"333",486000,0.003206,0.000805,0.000474,4.5e-05,0.000286,0,0,0.003707,2.5e-05,0.003215,3.3e-05,2.9e-05,2.3e-05,0.012142,0.137136,0,0.104229,0,0,0.032907,11.461174,5.241252,0.014365,6.205561,0,0,0,0,0,0,0,0,0,0,0,0
"334",491000,0.004129,0.003256,0.003369,0,-0.000114,0,0,0.004129,1.2e-05,0.004386,0.001235,0.000217,8.9e-05,0.000463,0.007212,0,0.002241,0.003934,0,0.001037,0.362534,0.362534,0,0,0,0,0,0,0,0,0,0,0,0,0,6.737338
"335",492000,0.005212,0.003018,0.00242,2.9e-05,0.000569,2.2e-05,0.422,0.050891,0.000144,0.053764,0.015372,0.00269,0.001107,0.005713,0.064285,0,0,0.063285,0,0.001,4.359948,4.359948,0,0,0,0,0,0,0,0,0,0,0,0,0,0.431366
"336",493000,0.004896,0.002959,0.002575,0.000106,0.000278,0.001056,21.6,0.003974,3e-06,0.000995,5e-05,2.3e-05,8.6e-05,0.000257,0.010282,0.000252,0.001694,0.00346,0,0.004876,0.327335,0.327335,0,0,0,0,0.000621,0,0.000621,0,0,0,0,0,0,0.964277
"337",511110,0.002921,0.001653,0.00109,4.5e-05,0.000518,0.000696,23.8,2.5e-05,0,1.7e-05,3e-06,2e-06,3e-06,7.7e-05,0.001158,5e-06,0.000224,0.000131,0,0.000797,0.020101,0.020101,0,0,0,0,0.000187,1e-06,0.000188,0,0,0,0,0,2e-06,0.613777
"338",511120,0.0021,0.000903,0.000537,2e-05,0.000346,0.000421,20,5e-06,0,6e-06,4e-06,3e-06,0,5.1e-05,0.000429,0,4e-05,0.000169,0,0.00022,0.01275,0.01275,0,0,0,0,0.000569,1.3e-05,0.000582,0,0,0,0,0,0,0.058993
"339",511130,0.000135,7.3e-05,3.1e-05,2e-06,4e-05,3e-06,2.22,2e-06,0,1e-06,0,0,0,1e-06,2.8e-05,0,8e-06,6e-06,0,1.4e-05,0.000793,0.000793,0,0,0,0,0,0,0,0,0,0,0,0,0,0.003899
"340",511200,0.00108,0.000669,0.000396,1.6e-05,0.000257,9.3e-05,8.61,0,0,1e-06,0,0,1e-06,0,0.000134,0,1e-05,4.5e-05,0,7.8e-05,0.00341,0.00341,0,0,0,0,0,0,0,0,0,0,0,0,0,0.013969
"341",512100,0.001565,0.00101,0.000293,5.3e-05,0.000664,3e-06,0.192,2e-06,0,3e-06,0,0,1e-06,0,0.000474,2e-06,9e-05,5.3e-05,0,0.000329,0.008052,0.008052,0,0,0,0,0,0,0,0,0,0,0,0,0,0.08408
"342",512200,0.000132,4.9e-05,2.4e-05,2e-06,2.3e-05,0,0,0,0,0,0,0,0,2e-06,3.2e-05,0,2e-06,9e-06,0,2.1e-05,0.000687,0.000687,0,0,0,0,0.000208,1e-06,0.000209,2e-06,0,0,9e-06,3e-06,5.6e-05,0.000908
"343",515100,0.004379,0.001918,0.001198,7.7e-05,0.000642,0.00095,21.7,3e-05,0,4.1e-05,3e-06,1e-06,6e-06,3e-06,0.00237,2.2e-05,0.001299,0.000663,0,0.000386,0.109384,0.109384,0,0,0,0,0,0,0,0,0,0,0,0,0,0.891995
"344",515200,0.001707,0.000756,0.000232,2.9e-05,0.000495,0.000262,15.3,9e-06,0,1.3e-05,1e-06,0,2e-06,1e-06,0.00074,6e-06,0.00039,0.000227,0,0.000116,0.034773,0.034773,0,0,0,0,0,0,0,0,0,0,0,0,0,0.140146
"345",516110,0.000512,0.000263,0.000198,3e-06,6.2e-05,5.4e-05,10.5,1e-06,0,1e-06,1e-06,0,0,4e-06,9.4e-05,0,1e-05,4.5e-05,0,3.9e-05,0.003369,0.003369,0,0,0,0,4.3e-05,1e-06,4.4e-05,0,0,0,0,0,0,0.011311
"346",517000,0.010915,0.005951,0.002257,0.000814,0.002879,0.000939,8.6,0.001627,2e-06,0.000225,2e-05,9e-06,5.7e-05,9.8e-05,0.009401,1e-04,0.005264,0.002467,0,0.001571,0.433508,0.433508,0,0,0,0,0,0,0,0,0,0,0,0,0,3.137069
"347",518100,0.000746,0.000461,0.00017,5e-06,0.000285,0.000141,18.9,0,0,0,0,0,0,0,0.000137,0,6e-06,4.3e-05,0,8.8e-05,0.003072,0.003072,0,0,0,0,0,0,0,0,0,0,0,0,0,0.004811
"348",518200,0.00379,0.002258,0.001456,4.1e-05,0.00076,0.000812,21.4,2e-06,0,4e-06,0,0,6e-06,0,0.000861,0,0.000102,0.000238,0,0.000522,0.020382,0.020382,0,0,0,0,0,0,0,0,0,0,0,0,0,0.241129
"349",519100,0.000143,9.6e-05,6e-05,0,3.6e-05,0,0,0,0,1e-06,0,0,0,0,7.2e-05,0,2e-05,1.2e-05,0,4e-05,0.001771,0.001771,0,0,0,0,0,0,0,0,0,0,0,0,0,0.008483
"350",523000,0.009029,0.005064,0.003947,6.2e-05,0.001056,0.000407,4.51,5e-06,0,1.1e-05,2e-06,1e-06,3e-05,0,0.001528,5e-06,0.000142,0.000527,0,0.000853,0.042848,0.042848,0,0,0,0,0,0,0,0,0,0,0,0,0,0.233395
"351",524100,0.004368,0.002277,0.001268,0.000261,0.000748,0,0,0,0,0,0,0,0,0,0.000123,0,5e-06,7e-06,0,0.000111,0.000671,0.000671,0,0,0,0,0,0,0,0,0,0,0,0,0,0.003917
"352",524200,0.0023,0.00132,0.000836,1.3e-05,0.000471,2e-06,0.087,4e-06,0,6e-06,1e-06,0,5e-06,0,0.000564,5e-06,0.000177,0.000157,0,0.000226,0.019538,0.019538,0,0,0,0,0,0,0,0,0,0,0,0,0,0.055943
"353",525000,0.000174,4.3e-05,1.8e-05,4e-06,2.1e-05,0,0,0,0,0,0,0,0,0,5e-06,0,0,1e-06,0,4e-06,9.5e-05,9.5e-05,0,0,0,0,0,0,0,0,0,0,0,0,0,0.000292
"354",531000,0.062363,0.049144,0.004586,0.006293,0.038265,0.004146,6.65,0.001663,1.2e-05,0.000535,0.000417,0.000102,0.000845,0.00013,0.057647,0.003027,0.008333,0.00109,0,0.045197,0.760099,0.760099,0,0,0,0,0,0,0,0,0,0,0,0,0.001747,23.348208
"355",532100,0.003192,0.00185,0.000584,0.000239,0.001027,0.001012,31.7,4e-06,0,7e-06,1e-06,0,6e-06,0,0.000702,7e-06,0.000149,0.00019,0,0.000355,0.02116,0.02116,0,0,0,0,0,0,0,0,0,0,0,0,0,0.132692
"356",532230,1e-06,0,0,0,0,0,0,0,0,0,0,0,0,0,1e-06,0,0,0,0,1e-06,1.8e-05,1.8e-05,0,0,0,0,0,0,0,0,0,0,0,0,0,0.000192
"357",532400,0.005923,0.003273,0.001467,0.000208,0.001598,0.001079,18.2,0.101938,6e-06,0.001573,0.000328,0.00029,0.000599,0.008301,0.003085,3.2e-05,0.001348,0.001097,0,0.000609,0.152346,0.152346,0,0,0,0,0,0,0,0,0,0,0,0,0,0.413776
"358",533000,0.012857,0.01047,0.000242,0.000123,0.010105,0.001921,14.9,8.1e-05,1e-06,0.000118,1e-06,1e-06,1e-06,7e-06,0.010868,0,0.003899,0.001081,0,0.005888,0.264731,0.264731,0,0,0,0,0,0,0,0,0,0,0,0,0,2.305414
"359",541100,0.009744,0.007208,0.004118,6e-05,0.003029,0.001256,12.9,1.1e-05,0,2e-05,3e-06,1e-06,3.9e-05,1e-06,0.001794,1.2e-05,0.000405,0.000623,0,0.000755,0.061829,0.061829,0,0,0,0,1.4e-05,3.3e-05,4.8e-05,0,0,0,0.000147,0,0,0.269092
"360",541200,0.007355,0.005483,0.00364,4.7e-05,0.001796,0.001151,15.6,7.8e-05,0,3.6e-05,4e-06,1e-06,3.3e-05,5e-06,0.001999,1.8e-05,0.000461,0.000571,0,0.000949,0.061686,0.061686,0,0,0,0,0,0,0,0,0,0,0,0,0,0.257625
"361",541300,0.008635,0.005373,0.003991,5.9e-05,0.001323,0.002579,29.9,0.000452,5e-06,0.000303,9.2e-05,3.2e-05,0.001056,3.2e-05,0.00535,0.000276,0.000826,0.003419,0,0.000829,0.306096,0.306096,0,0,0,0,0.00011,0.00031,0.00042,0,0,0,0.000764,0,2e-06,0.470432
"362",541400,0.002177,0.001526,0.000572,6.6e-05,0.000888,0.001043,47.9,3e-06,0,3e-06,0,0,0,3e-06,0.000505,0,9e-05,0.00012,0,0.000295,0.012179,0.012179,0,0,0,0,0.000215,0.000498,0.000713,0,0,0,0.002189,0,4e-06,0.068653
"363",541511,0.00108,0.000783,0.000639,4e-06,0.000139,7.6e-05,7.04,0,0,1e-06,0,0,1e-06,0,7.6e-05,1e-06,1.6e-05,2.7e-05,0,3.2e-05,0.002593,0.002593,0,0,0,0,0,0,0,0,0,0,0,0,0,0.008132
"364",541512,0.00264,0.001428,0.001277,6e-05,9e-05,0.000323,12.2,4.4e-05,0,1.4e-05,1e-06,0,1.2e-05,3e-06,0.000627,0,2.6e-05,0.000381,0,0.00022,0.025845,0.025845,0,0,0,0,0,0,0,0,0,0,0,0,0,0.059638
"365",541610,0.009619,0.006466,0.003898,7.4e-05,0.002494,0.003105,32.3,7e-06,0,2.9e-05,5e-06,2e-06,0.000111,1e-06,0.001476,0,0.000219,0.000668,0,0.000589,0.056329,0.056329,0,0,0,0,0,0,0,0,0,0,0,0,0,0.201179
"366",541700,0.007208,0.004088,0.003805,3.8e-05,0.000245,0.001376,19.1,0.006847,9e-06,0.000491,0.000349,9.9e-05,0.000736,0.000484,0.009551,0.002381,0.002042,0.003221,0,0.001907,0.524147,0.524147,0,0,0,0,0.000192,5.8e-05,0.000249,0.002202,0,0.000355,0.005835,1e-06,0,0.674759
"367",541800,0.007343,0.004865,0.002976,8.6e-05,0.001802,0.001761,24,3.1e-05,0,2.6e-05,5e-06,2e-06,5.2e-05,5e-06,0.001943,1.5e-05,0.000349,0.000482,0,0.001097,0.051524,0.051524,0,0,0,0,0.000167,0.000387,0.000553,0,0,0,0.001699,0,3e-06,0.231524
"368",541920,0.000167,0.000101,3.5e-05,9e-06,5.7e-05,0,0,1e-06,0,2e-06,0,0,6e-06,0,9e-05,2e-06,2e-05,2.2e-05,0,4.6e-05,0.002742,0.002742,0,0,0,0,0,0,0,0,0,0,0,0,0,0.011912
"369",541940,0.000102,4.7e-05,3.6e-05,3e-06,9e-06,0,0,1.4e-05,0,1e-06,0,0,0,1e-06,6.3e-05,1e-06,3e-05,2.4e-05,0,9e-06,0.003058,0.003058,0,0,0,0,0,2e-06,2e-06,0,0,0,0,0,0,0.004343
"370",550000,0.092225,0.057089,0.048333,0.001402,0.007353,0.053398,57.9,0.000747,9e-06,0.000698,9.9e-05,3.5e-05,0.000647,5.9e-05,0.052685,0.000512,0.017664,0.010535,0,0.023974,1.644584,1.644584,0,0,0,0,0,0,0,0,0,0,0,0,0,1.087923
"371",561100,0.002141,0.001324,0.001115,2.6e-05,0.000184,0.000367,17.1,6e-06,0,1e-05,1e-06,0,9e-06,1e-06,0.000803,5e-06,0.000235,0.000232,0,0.00033,0.027211,0.027211,0,0,0,0,0,0,0,0,0,0,0,0,0,0.186009
"372",561200,0.000536,0.000317,0.000233,6e-06,7.8e-05,0.000171,31.9,4e-06,0,8e-06,1e-06,0,7e-06,0,0.000258,3e-06,6.7e-05,5.4e-05,0,0.000133,0.007234,0.007234,0,0,0,0,0,0,0,0,0,0,1e-06,0,0,0.649715
"373",561300,0.008558,0.007009,0.006798,4.1e-05,0.00017,0.001192,13.9,1.1e-05,0,2.7e-05,5e-06,2e-06,7.6e-05,1e-06,0.002308,1.6e-05,0.000375,0.00095,0,0.000968,0.082576,0.082576,0,0,0,0,0,0,0,0,0,0,0,0,0,0.068661
"374",561400,0.004123,0.00261,0.001643,7.3e-05,0.000894,0.001124,27.3,4.6e-05,0,2.3e-05,3e-06,1e-06,6e-06,1.8e-05,0.001498,7e-06,0.000324,0.000493,0,0.000675,0.048665,0.048665,0,0,0,0,0.001021,0.00237,0.003391,0,0,0,0.010418,2e-06,2.1e-05,0.124188
"375",561500,0.001202,0.000711,0.000462,8e-06,0.000241,0,0,2.2e-05,1e-06,3.3e-05,4e-06,2e-06,1.9e-05,2e-06,0.001668,2.2e-05,0.000889,0.000641,0,0.000116,0.090352,0.090352,0,0,0,0,1.3e-05,3e-05,4.3e-05,0,0,0,0.000133,0,0,0.023749
"376",561600,0.001817,0.001279,0.001054,4.3e-05,0.000183,0.00041,22.6,0.003335,0,4.9e-05,1e-05,9e-06,3e-06,0.000274,0.000512,0,0.000106,0.000181,0,0.000225,0.016987,0.016987,0,0,0,0,7e-06,2e-06,9e-06,0,0,0,0,0,0,0.051433
"377",561700,0.008019,0.004348,0.003176,0.000203,0.000969,0.002005,25,0.031334,4e-06,0.000596,0.000119,1e-04,0.000217,0.002472,0.008324,2.7e-05,0.000949,0.006673,0,0.000676,0.50155,0.50155,0,0,0,0,0.001172,0.000185,0.001356,0,0,0,0.000498,0,1e-06,1.168538
"378",561900,0.002225,0.001428,0.00077,2.9e-05,0.00063,0.000493,22.2,4e-05,0,2.3e-05,2e-06,1e-06,6e-06,9e-06,0.00146,1e-05,0.000419,0.000353,0,0.000678,0.044845,0.044845,0,0,0,0,0.000442,0.001025,0.001467,0,0,0,0.004507,1e-06,9e-06,0.23174
"379",562000,0.003242,0.001801,0.000956,6.4e-05,0.000781,0.000819,25.3,0.005241,0.000319,0.003429,0.00079,0.000519,0.00081,0.002399,0.004902,2.6e-05,0.000889,0.003528,0,0.000459,7.887688,0.288382,0,7.513899,0.085385,0,0.006272,0.008304,0.014576,0.016611,0.488399,3.471105,1.187768,0.000898,0.086064,3.409677
"380",611100,0,0,0,0,0,0,0,0,0,0,0,0,0,0,0,0,0,0,0,0,0,0,0,0,0,0,0,0,0,0,0,0,0,0,0,0
"381",621600,0,0,0,0,0,0,0,0,0,0,0,0,0,0,0,0,0,0,0,0,0,0,0,0,0,0,0,0,0,0,0,0,0,0,0,0
"382",622000,1e-06,1e-06,1e-06,0,0,0,0,0,0,0,0,0,0,0,1e-06,0,0,0,0,1e-06,1.1e-05,1.1e-05,0,0,0,0,0,0,0,0,0,0,0,0,0,0.00027
"383",623000,1e-06,1e-06,0,0,0,0,0,0,0,0,0,0,0,0,1e-06,0,0,0,0,0,4e-05,4e-05,0,0,0,0,0,0,0,0,0,0,0,0,0,0.000361
"384",624200,0,0,0,0,0,0,0,0,0,0,0,0,0,0,0,0,0,0,0,0,1e-06,1e-06,0,0,0,0,0,0,0,0,0,0,0,0,0,2e-05
"385",624400,2e-06,1e-06,1e-06,0,0,0,0,0,0,0,0,0,0,0,2e-06,0,0,0,0,1e-06,4.6e-05,4.6e-05,0,0,0,0,0,0,0,0,0,0,0,0,0,0.00048
"386",711100,0.000341,0.000184,0.000104,2.2e-05,5.8e-05,0,0,1e-06,0,2e-06,0,0,9e-06,0,0.000103,0,2.6e-05,1.9e-05,0,5.8e-05,0.002729,0.002729,0,0,0,0,0,0,0,0,0,0,0,0,0,0.024638
"387",711200,0.000799,0.000463,0.000347,7.6e-05,4.1e-05,3.1e-05,3.88,2e-06,0,2e-06,0,0,1e-06,0,0.000395,3e-06,6e-05,6.3e-05,0,0.000269,0.007261,0.007261,0,0,0,0,0,0,0,0,0,0,0,0,0,0.129262
"388",711500,0.00119,0.000807,0.000291,8e-06,0.000508,0.000173,14.5,2e-06,0,4e-06,3e-06,2e-06,5e-06,2.3e-05,0.000113,0,3e-05,3.3e-05,0,5e-05,0.003722,0.003722,0,0,0,0,1e-04,3.1e-05,0.000131,2.2e-05,0,0,2.3e-05,0,0,0.023239
"389",712000,0,0,0,0,0,0,0,0,0,0,0,0,0,0,0,0,0,0,0,0,0,0,0,0,0,0,0,0,0,0,0,0,0,0,0,0
"390",713940,0.00019,1e-04,6.4e-05,8e-06,2.8e-05,2.1e-05,11.1,8e-06,0,7e-06,1e-06,0,1e-05,1e-06,0.000514,4e-06,0.00014,0.000117,0,0.000252,0.015313,0.015313,0,0,0,0,0,0,0,0,0,0,0,0,0,0.113361
"391",713950,1e-06,0,0,0,0,0,0,0,0,0,0,0,0,0,2e-06,0,0,0,0,2e-06,3.8e-05,3.8e-05,0,0,0,0,0,0,0,0,0,0,0,0,0,0.000287
"392",722000,0.006888,0.003687,0.002623,0.000426,0.000639,0.001077,15.6,0.002369,2e-06,0.000218,3.8e-05,1.6e-05,0.000109,0.000123,0.010172,0.000208,0.003055,0.002211,0,0.004698,0.323449,0.323449,0,0,0,0,0,0,0,0,0,0,0,0,0,2.911971
"393",811192,0.000191,0.000115,5.6e-05,8e-06,5.1e-05,5.1e-05,26.7,6e-06,0,9e-06,1e-06,0,5e-06,0,0.00057,4e-06,0.000228,0.000171,0,0.000167,0.023537,0.023537,0,0,0,0,0,0,0,0,0,0,0,0,0,0.294227
"394",811200,0.001707,0.001125,0.000713,3.4e-05,0.000378,0.000409,24,5e-06,0,8e-06,1e-06,0,5e-06,0,0.000592,9e-06,0.000193,0.000135,0,0.000254,0.019761,0.019761,0,0,0,0,0,0,0,0,0,0,0,0,0,0.190639
"395",811300,0.003905,0.00259,0.001552,6.2e-05,0.000976,0.001147,29.4,0.007357,2e-06,0.000317,4.5e-05,4e-05,3.8e-05,0.000427,0.002045,1e-05,0.000573,0.000631,0,0.00083,0.072885,0.072885,0,0,0,0,0.000332,9.9e-05,0.000431,0,0,0,3.1e-05,0,0,1.700788
"396",811400,0.001392,0.000868,0.000436,4.1e-05,0.00039,0.000276,19.8,0.061281,2e-06,0.000872,0.000188,0.000172,5.7e-05,0.005118,0.000743,4e-06,0.000236,0.000201,0,0.000303,0.025938,0.025938,0,0,0,0,0.026133,0.081661,0.107794,0,0,4e-06,0.000508,0,2e-06,0.564504
"397",812100,0,0,0,0,0,0,0,0,0,0,0,0,0,0,0,0,0,0,0,0,0,0,0,0,0,0,0,0,0,0,0,0,0,0,0,2.2e-05
"398",812200,0,0,0,0,0,0,0,0,0,0,0,0,0,0,0,0,0,0,0,0,0,0,0,0,0,0,0,0,0,0,0,0,0,0,0,0
"399",812300,3e-04,0.000232,9.8e-05,7e-06,0.000126,1e-06,0.333,4e-06,0,7e-06,1e-06,0,4e-06,0.000531,0.000446,3e-06,0.000141,8.6e-05,0,0.000215,0.013292,0.013292,0,0,0,0,0,0,0,0,0,0,0,0,0.000535,0.200133
"400",812900,0.000224,0.000132,3.9e-05,6e-06,8.8e-05,0,0,4e-06,0,2e-06,0,0,1e-06,0,0.000112,1e-06,4e-05,2.8e-05,0,4.4e-05,0.003988,0.003988,0,0,0,0,0,0,0,0,0,0,0,0,0,0.018462
"401",813100,0,0,0,0,0,0,0,0,0,0,0,0,0,0,0,0,0,0,0,0,0,0,0,0,0,0,0,0,0,0,0,0,0,0,0,0
"402",814000,0,0,0,0,0,0,0,0,0,0,0,0,0,0,0,0,0,0,0,0,0,0,0,0,0,0,0,0,0,0,0,0,0,0,0,0
